{
  "name": "apple-carnation",
  "hsl": {
    "h": 320,
    "s": 100,
    "l": 71.76470588235294
  },
  "hex": "#FF6FCF",
  "rgb": {
    "r": 255,
    "g": 111,
    "b": 207
  },
  "rgbChannels": "255 111 207",
  "isLight": true,
  "isDark": false,
  "lightModeContrast": 2.492056690848093,
  "darkModeContrast": 8.426774590289643,
  "luminosity": 0.37133872951448216,
  "shades": [
    "magenta"
  ],
  "group": "apple"
}