{
  "name": "apple-cayenne",
  "hsl": {
    "h": 0,
    "s": 100,
    "l": 25.098039215686274
  },
  "hex": "#800000",
  "rgb": {
    "r": 128,
    "g": 0,
    "b": 0
  },
  "rgbChannels": "128 0 0",
  "isLight": false,
  "isDark": true,
  "lightModeContrast": 10.949825131812458,
  "darkModeContrast": 1.9178388464842995,
  "luminosity": 0.04589194232421498,
  "shades": [
    "red"
  ],
  "group": "apple"
}