{
  "name": "apple-clover",
  "hsl": {
    "h": 120,
    "s": 100,
    "l": 25.098039215686274
  },
  "hex": "#008000",
  "rgb": {
    "r": 0,
    "g": 128,
    "b": 0
  },
  "rgbChannels": "0 128 0",
  "isLight": false,
  "isDark": true,
  "lightModeContrast": 5.137402780824574,
  "darkModeContrast": 4.087668593629214,
  "luminosity": 0.1543834296814607,
  "shades": [
    "green"
  ],
  "group": "apple"
}