{
  "name": "apple-plum",
  "hsl": {
    "h": 300,
    "s": 100,
    "l": 25.098039215686274
  },
  "hex": "#800080",
  "rgb": {
    "r": 128,
    "g": 0,
    "b": 128
  },
  "rgbChannels": "128 0 128",
  "isLight": false,
  "isDark": true,
  "lightModeContrast": 9.41897733701533,
  "darkModeContrast": 2.22954140864877,
  "luminosity": 0.0614770704324385,
  "shades": [
    "magenta"
  ],
  "group": "apple"
}