{
  "name": "apple-spindrift",
  "hsl": {
    "h": 160,
    "s": 100,
    "l": 70
  },
  "hex": "#66FFCC",
  "rgb": {
    "r": 102,
    "g": 255,
    "b": 204
  },
  "rgbChannels": "102 255 204",
  "isLight": true,
  "isDark": false,
  "lightModeContrast": 1.2544141354596552,
  "darkModeContrast": 16.74088278055394,
  "luminosity": 0.787044139027697,
  "shades": [
    "cyan"
  ],
  "group": "apple"
}