{
  "name": "apple-ice",
  "hsl": {
    "h": 180,
    "s": 100,
    "l": 70
  },
  "hex": "#66FFFF",
  "rgb": {
    "r": 102,
    "g": 255,
    "b": 255
  },
  "rgbChannels": "102 255 255",
  "isLight": true,
  "isDark": false,
  "lightModeContrast": 1.2129644339629386,
  "darkModeContrast": 17.312956103246833,
  "luminosity": 0.8156478051623417,
  "shades": [
    "cyan"
  ],
  "group": "apple"
}