{
  "name": "apple-tangerine",
  "hsl": {
    "h": 30.117647058823536,
    "s": 100,
    "l": 50
  },
  "hex": "#FF8000",
  "rgb": {
    "r": 255,
    "g": 128,
    "b": 0
  },
  "rgbChannels": "255 128 0",
  "isLight": true,
  "isDark": false,
  "lightModeContrast": 2.5180856726179965,
  "darkModeContrast": 8.339668593629213,
  "luminosity": 0.3669834296814607,
  "shades": [],
  "group": "apple"
}