{
  "name": "apple-ocean",
  "hsl": {
    "h": 210,
    "s": 100,
    "l": 25.098039215686274
  },
  "hex": "#004080",
  "rgb": {
    "r": 0,
    "g": 64,
    "b": 128
  },
  "rgbChannels": "0 64 128",
  "isLight": false,
  "isDark": true,
  "lightModeContrast": 10.268642881952019,
  "darkModeContrast": 2.045060894746785,
  "luminosity": 0.052253044737339244,
  "shades": [
    "cyan"
  ],
  "group": "apple"
}