{
  "name": "apple-orchid",
  "hsl": {
    "h": 240,
    "s": 100,
    "l": 70
  },
  "hex": "#6666FF",
  "rgb": {
    "r": 102,
    "g": 102,
    "b": 255
  },
  "rgbChannels": "102 102 255",
  "isLight": false,
  "isDark": true,
  "lightModeContrast": 4.277417340232958,
  "darkModeContrast": 4.909504574752646,
  "luminosity": 0.1954752287376323,
  "shades": [
    "blue"
  ],
  "group": "apple"
}