{
  "name": "apple-asparagus",
  "hsl": {
    "h": 60,
    "s": 100,
    "l": 25.098039215686274
  },
  "hex": "#808000",
  "rgb": {
    "r": 128,
    "g": 128,
    "b": 0
  },
  "rgbChannels": "128 128 0",
  "isLight": false,
  "isDark": true,
  "lightModeContrast": 4.195378840456537,
  "darkModeContrast": 5.005507440113513,
  "luminosity": 0.2002753720056757,
  "shades": [
    "yellow"
  ],
  "group": "apple"
}