{
  "name": "apple-nickel",
  "hsl": {
    "h": 0,
    "s": 0,
    "l": 50.19607843137255
  },
  "hex": "#808080",
  "rgb": {
    "r": 128,
    "g": 128,
    "b": 128
  },
  "rgbChannels": "128 128 128",
  "isLight": true,
  "isDark": false,
  "lightModeContrast": 3.9494396480491156,
  "darkModeContrast": 5.317210002277984,
  "luminosity": 0.2158605001138992,
  "shades": [
    "gray",
    "red"
  ],
  "group": "apple"
}