{
  "name": "apple-eggplant",
  "hsl": {
    "h": 270,
    "s": 100,
    "l": 25.098039215686274
  },
  "hex": "#400080",
  "rgb": {
    "r": 64,
    "g": 0,
    "b": 128
  },
  "rgbChannels": "64 0 128",
  "isLight": false,
  "isDark": true,
  "lightModeContrast": 13.7281793115828,
  "darkModeContrast": 1.5297002991709023,
  "luminosity": 0.02648501495854512,
  "shades": [
    "violet",
    "blue"
  ],
  "group": "apple"
}