{
  "name": "apple-aluminium",
  "hsl": {
    "h": 0,
    "s": 0,
    "l": 60
  },
  "hex": "#999999",
  "rgb": {
    "r": 153,
    "g": 153,
    "b": 153
  },
  "rgbChannels": "153 153 153",
  "isLight": true,
  "isDark": false,
  "lightModeContrast": 2.849027755287037,
  "darkModeContrast": 7.3709355625018365,
  "luminosity": 0.31854677812509186,
  "shades": [
    "gray",
    "red"
  ],
  "group": "apple"
}