{
  "name": "apple-aqua",
  "hsl": {
    "h": 209.88235294117646,
    "s": 100,
    "l": 50
  },
  "hex": "#0080FF",
  "rgb": {
    "r": 0,
    "g": 128,
    "b": 255
  },
  "rgbChannels": "0 128 255",
  "isLight": false,
  "isDark": true,
  "lightModeContrast": 3.796322871580839,
  "darkModeContrast": 5.531668593629214,
  "luminosity": 0.22658342968146072,
  "shades": [
    "cyan"
  ],
  "group": "apple"
}