{
  "name": "apple-sky",
  "hsl": {
    "h": 200,
    "s": 100,
    "l": 70
  },
  "hex": "#66CCFF",
  "rgb": {
    "r": 102,
    "g": 204,
    "b": 255
  },
  "rgbChannels": "102 204 255",
  "isLight": true,
  "isDark": false,
  "lightModeContrast": 1.8031783814052929,
  "darkModeContrast": 11.646102358233584,
  "luminosity": 0.5323051179116792,
  "shades": [
    "cyan"
  ],
  "group": "apple"
}