{
  "name": "apple-seafoam",
  "hsl": {
    "h": 150.11764705882354,
    "s": 100,
    "l": 50
  },
  "hex": "#00FF80",
  "rgb": {
    "r": 0,
    "g": 255,
    "b": 128
  },
  "rgbChannels": "0 255 128",
  "isLight": true,
  "isDark": false,
  "lightModeContrast": 1.3448002045634007,
  "darkModeContrast": 15.61570256216447,
  "luminosity": 0.7307851281082235,
  "shades": [],
  "group": "apple"
}