{
  "name": "apple-midnight",
  "hsl": {
    "h": 240,
    "s": 100,
    "l": 25.098039215686274
  },
  "hex": "#000080",
  "rgb": {
    "r": 0,
    "g": 0,
    "b": 128
  },
  "rgbChannels": "0 0 128",
  "isLight": false,
  "isDark": true,
  "lightModeContrast": 16.009727056831707,
  "darkModeContrast": 1.3117025621644707,
  "luminosity": 0.015585128108223524,
  "shades": [
    "blue"
  ],
  "group": "apple"
}