{
  "name": "apple-steel",
  "hsl": {
    "h": 0,
    "s": 0,
    "l": 40
  },
  "hex": "#666666",
  "rgb": {
    "r": 102,
    "g": 102,
    "b": 102
  },
  "rgbChannels": "102 102 102",
  "isLight": false,
  "isDark": true,
  "lightModeContrast": 5.74183648145415,
  "darkModeContrast": 3.6573664310763587,
  "luminosity": 0.13286832155381795,
  "shades": [
    "gray",
    "red"
  ],
  "group": "apple"
}