{
  "name": "apple-fern",
  "hsl": {
    "h": 90,
    "s": 100,
    "l": 25.098039215686274
  },
  "hex": "#408000",
  "rgb": {
    "r": 64,
    "g": 128,
    "b": 0
  },
  "rgbChannels": "64 128 0",
  "isLight": false,
  "isDark": true,
  "lightModeContrast": 4.877293869843316,
  "darkModeContrast": 4.3056663306356455,
  "luminosity": 0.1652833165317823,
  "shades": [
    "yellow"
  ],
  "group": "apple"
}