{
  "name": "apple-flora",
  "hsl": {
    "h": 120,
    "s": 100,
    "l": 70
  },
  "hex": "#66FF66",
  "rgb": {
    "r": 102,
    "g": 255,
    "b": 102
  },
  "rgbChannels": "102 255 102",
  "isLight": true,
  "isDark": false,
  "lightModeContrast": 1.3075299186419223,
  "darkModeContrast": 16.060817959570546,
  "luminosity": 0.7530408979785274,
  "shades": [
    "green"
  ],
  "group": "apple"
}