{
  "name": "apple-iron",
  "hsl": {
    "h": 0,
    "s": 0,
    "l": 29.80392156862745
  },
  "hex": "#4C4C4C",
  "rgb": {
    "r": 76,
    "g": 76,
    "b": 76
  },
  "rgbChannels": "76 76 76",
  "isLight": false,
  "isDark": true,
  "lightModeContrast": 8.587422159234949,
  "darkModeContrast": 2.4454370136463495,
  "luminosity": 0.07227185068231748,
  "shades": [
    "gray",
    "red"
  ],
  "group": "apple"
}