{
  "name": "baker-miller-pink",
  "hsl": {
    "h": 343.6363636363636,
    "s": 100,
    "l": 78.43137254901961
  },
  "hex": "#FF91AF",
  "rgb": {
    "r": 255,
    "g": 145,
    "b": 175
  },
  "rgbChannels": "255 145 175",
  "isLight": true,
  "isDark": false,
  "lightModeContrast": 2.1166818532742253,
  "darkModeContrast": 9.921188660221087,
  "luminosity": 0.4460594330110544,
  "shades": [
    "red"
  ],
  "group": "misc"
}