{
  "name": "behr-caribbeancurrent",
  "hsl": {
    "h": 181.08108108108104,
    "s": 100,
    "l": 21.764705882352942
  },
  "hex": "#006D6F",
  "rgb": {
    "r": 0,
    "g": 109,
    "b": 111
  },
  "rgbChannels": "0 109 111",
  "isLight": false,
  "isDark": true,
  "lightModeContrast": 6.1457506487556035,
  "darkModeContrast": 3.416995123980843,
  "luminosity": 0.12084975619904216,
  "shades": [
    "cyan"
  ],
  "group": "misc"
}