{
  "name": "bsc-brunswickgreen",
  "hsl": {
    "h": 150,
    "s": 34.78260869565217,
    "l": 18.03921568627451
  },
  "hex": "#1E3E2E",
  "rgb": {
    "r": 30,
    "g": 62,
    "b": 46
  },
  "rgbChannels": "30 62 46",
  "isLight": false,
  "isDark": true,
  "lightModeContrast": 11.773247292221491,
  "darkModeContrast": 1.7837049947871702,
  "luminosity": 0.0391852497393585,
  "shades": [
    "green"
  ],
  "group": "misc"
}