{
  "name": "calpolypomona-green",
  "hsl": {
    "h": 136.59574468085106,
    "s": 43.925233644859816,
    "l": 20.98039215686274
  },
  "hex": "#1E4D2B",
  "rgb": {
    "r": 30,
    "g": 77,
    "b": 43
  },
  "rgbChannels": "30 77 43",
  "isLight": false,
  "isDark": true,
  "lightModeContrast": 9.76000447882423,
  "darkModeContrast": 2.1516383568842206,
  "luminosity": 0.05758191784421103,
  "shades": [
    "green"
  ],
  "group": "misc"
}