{
  "name": "castleton-green",
  "hsl": {
    "h": 161.16279069767438,
    "s": 100,
    "l": 16.862745098039216
  },
  "hex": "#00563B",
  "rgb": {
    "r": 0,
    "g": 86,
    "b": 59
  },
  "rgbChannels": "0 86 59",
  "isLight": false,
  "isDark": true,
  "lightModeContrast": 8.770945065033251,
  "darkModeContrast": 2.3942687868060872,
  "luminosity": 0.06971343934030436,
  "shades": [
    "cyan"
  ],
  "group": "misc"
}