{
  "name": "ciecd-amber",
  "hsl": {
    "h": 44.94117647058823,
    "s": 100,
    "l": 50
  },
  "hex": "#FFBF00",
  "rgb": {
    "r": 255,
    "g": 191,
    "b": 0
  },
  "rgbChannels": "255 191 0",
  "isLight": true,
  "isDark": false,
  "lightModeContrast": 1.652980944862512,
  "darkModeContrast": 12.704320679115083,
  "luminosity": 0.5852160339557542,
  "shades": [
    "yellow"
  ],
  "group": "misc"
}