{
  "name": "cmyk-pigmentblue",
  "hsl": {
    "h": 240,
    "s": 49.99999999999999,
    "l": 40
  },
  "hex": "#333399",
  "rgb": {
    "r": 51,
    "g": 51,
    "b": 153
  },
  "rgbChannels": "51 51 153",
  "isLight": false,
  "isDark": true,
  "lightModeContrast": 10.124026087717501,
  "darkModeContrast": 2.0742735961019756,
  "luminosity": 0.05371367980509879,
  "shades": [
    "blue"
  ],
  "group": "misc"
}