{
  "name": "cmyk-pigmentred",
  "hsl": {
    "h": 357.7033492822966,
    "s": 85.3061224489796,
    "l": 51.9607843137255
  },
  "hex": "#ED1C24",
  "rgb": {
    "r": 237,
    "g": 28,
    "b": 36
  },
  "rgbChannels": "237 28 36",
  "isLight": false,
  "isDark": true,
  "lightModeContrast": 4.381863534035042,
  "darkModeContrast": 4.792481517712199,
  "luminosity": 0.18962407588560998,
  "shades": [
    "red"
  ],
  "group": "misc"
}