{
  "name": "cmyk-cyan",
  "hsl": {
    "h": 193.2765957446809,
    "s": 100,
    "l": 46.07843137254902
  },
  "hex": "#00B7EB",
  "rgb": {
    "r": 0,
    "g": 183,
    "b": 235
  },
  "rgbChannels": "0 183 235",
  "isLight": true,
  "isDark": false,
  "lightModeContrast": 2.3403475570211634,
  "darkModeContrast": 8.973026222963728,
  "luminosity": 0.39865131114818647,
  "shades": [
    "cyan"
  ],
  "group": "misc"
}