{
  "name": "cmyk-pigmentmagenta",
  "hsl": {
    "h": 326.11764705882354,
    "s": 100,
    "l": 50
  },
  "hex": "#FF0090",
  "rgb": {
    "r": 255,
    "g": 0,
    "b": 144
  },
  "rgbChannels": "255 0 144",
  "isLight": false,
  "isDark": true,
  "lightModeContrast": 3.713709553015694,
  "darkModeContrast": 5.654723316460514,
  "luminosity": 0.23273616582302573,
  "shades": [
    "magenta"
  ],
  "group": "misc"
}