{
  "name": "cmyk-pigmentgreen",
  "hsl": {
    "h": 149.09090909090912,
    "s": 100,
    "l": 32.35294117647059
  },
  "hex": "#00A550",
  "rgb": {
    "r": 0,
    "g": 165,
    "b": 80
  },
  "rgbChannels": "0 165 80",
  "isLight": false,
  "isDark": true,
  "lightModeContrast": 3.231817917002904,
  "darkModeContrast": 6.497890827796017,
  "luminosity": 0.27489454138980085,
  "shades": [
    "green"
  ],
  "group": "misc"
}