{
  "name": "cornell-red",
  "hsl": {
    "h": 0,
    "s": 73.78640776699031,
    "l": 40.3921568627451
  },
  "hex": "#B31B1B",
  "rgb": {
    "r": 179,
    "g": 27,
    "b": 27
  },
  "rgbChannels": "179 27 27",
  "isLight": false,
  "isDark": true,
  "lightModeContrast": 6.797566852543762,
  "darkModeContrast": 3.089340709042303,
  "luminosity": 0.10446703545211516,
  "shades": [
    "red"
  ],
  "group": "misc"
}