{
  "name": "crayola-screamingreen",
  "hsl": {
    "h": 121.75182481751824,
    "s": 100,
    "l": 73.13725490196079
  },
  "hex": "#76FF7A",
  "rgb": {
    "r": 118,
    "g": 255,
    "b": 122
  },
  "rgbChannels": "118 255 122",
  "isLight": true,
  "isDark": false,
  "lightModeContrast": 1.2839844300623364,
  "darkModeContrast": 16.35533851370804,
  "luminosity": 0.7677669256854021,
  "shades": [
    "green"
  ],
  "group": "misc"
}