{
  "name": "crayola-babypowder",
  "hsl": {
    "h": 60,
    "s": 66.66666666666681,
    "l": 98.82352941176471
  },
  "hex": "#FEFEFA",
  "rgb": {
    "r": 254,
    "g": 254,
    "b": 250
  },
  "rgbChannels": "254 254 250",
  "isLight": true,
  "isDark": false,
  "lightModeContrast": 1.0110096039878242,
  "darkModeContrast": 20.771316036136195,
  "luminosity": 0.9885658018068098,
  "shades": [
    "yellow"
  ],
  "group": "misc"
}