{
  "name": "crayola-beaver",
  "hsl": {
    "h": 21.702127659574444,
    "s": 19.665271966527197,
    "l": 53.13725490196079
  },
  "hex": "#9F8170",
  "rgb": {
    "r": 159,
    "g": 129,
    "b": 112
  },
  "rgbChannels": "159 129 112",
  "isLight": true,
  "isDark": false,
  "lightModeContrast": 3.5908123462574646,
  "darkModeContrast": 5.848258826971929,
  "luminosity": 0.24241294134859645,
  "shades": [
    "red"
  ],
  "group": "misc"
}