{
  "name": "crayola-fern",
  "hsl": {
    "h": 125.60000000000002,
    "s": 35.88516746411484,
    "l": 59.01960784313726
  },
  "hex": "#71BC78",
  "rgb": {
    "r": 113,
    "g": 188,
    "b": 120
  },
  "rgbChannels": "113 188 120",
  "isLight": true,
  "isDark": false,
  "lightModeContrast": 2.2909149601696237,
  "darkModeContrast": 9.166643181921131,
  "luminosity": 0.4083321590960566,
  "shades": [
    "green"
  ],
  "group": "misc"
}