{
  "name": "crayola-carnationpink",
  "hsl": {
    "h": 336.40449438202245,
    "s": 100,
    "l": 82.54901960784314
  },
  "hex": "#FFA6C9",
  "rgb": {
    "r": 255,
    "g": 166,
    "b": 201
  },
  "rgbChannels": "255 166 201",
  "isLight": true,
  "isDark": false,
  "lightModeContrast": 1.8181981106590586,
  "darkModeContrast": 11.549896502965753,
  "luminosity": 0.5274948251482876,
  "shades": [
    "red"
  ],
  "group": "misc"
}