{
  "name": "crayola-yellow",
  "hsl": {
    "h": 50.08264462809916,
    "s": 95.27559055118112,
    "l": 75.09803921568627
  },
  "hex": "#FCE883",
  "rgb": {
    "r": 252,
    "g": 232,
    "b": 131
  },
  "rgbChannels": "252 232 131",
  "isLight": true,
  "isDark": false,
  "lightModeContrast": 1.234606137747043,
  "darkModeContrast": 17.009473189823606,
  "luminosity": 0.8004736594911803,
  "shades": [
    "yellow"
  ],
  "group": "misc"
}