{
  "name": "crayola-bittersweet",
  "hsl": {
    "h": 6.375,
    "s": 98.76543209876544,
    "l": 68.23529411764706
  },
  "hex": "#FE6F5E",
  "rgb": {
    "r": 254,
    "g": 111,
    "b": 94
  },
  "rgbChannels": "254 111 94",
  "isLight": true,
  "isDark": false,
  "lightModeContrast": 2.7452515122555443,
  "darkModeContrast": 7.649572327435329,
  "luminosity": 0.33247861637176646,
  "shades": [
    "red"
  ],
  "group": "misc"
}