{
  "name": "crayola-ticklemepink",
  "hsl": {
    "h": 341.7391304347826,
    "s": 95.04132231404961,
    "l": 76.27450980392156
  },
  "hex": "#FC89AC",
  "rgb": {
    "r": 252,
    "g": 137,
    "b": 172
  },
  "rgbChannels": "252 137 172",
  "isLight": true,
  "isDark": false,
  "lightModeContrast": 2.2548967466386887,
  "darkModeContrast": 9.313065013422062,
  "luminosity": 0.4156532506711031,
  "shades": [
    "red"
  ],
  "group": "misc"
}