{
  "name": "crayola-asparagus",
  "hsl": {
    "h": 92.90322580645159,
    "s": 26.49572649572649,
    "l": 54.11764705882353
  },
  "hex": "#87A96B",
  "rgb": {
    "r": 135,
    "g": 169,
    "b": 107
  },
  "rgbChannels": "135 169 107",
  "isLight": true,
  "isDark": false,
  "lightModeContrast": 2.6522942542970873,
  "darkModeContrast": 7.917673525845432,
  "luminosity": 0.3458836762922716,
  "shades": [
    "green"
  ],
  "group": "misc"
}