{
  "name": "crayola-purplepizzazz",
  "hsl": {
    "h": 312.27272727272725,
    "s": 98.87640449438203,
    "l": 65.09803921568627
  },
  "hex": "#FE4EDA",
  "rgb": {
    "r": 254,
    "g": 78,
    "b": 218
  },
  "rgbChannels": "254 78 218",
  "isLight": false,
  "isDark": true,
  "lightModeContrast": 2.870298216626204,
  "darkModeContrast": 7.316312945587844,
  "luminosity": 0.31581564727939226,
  "shades": [
    "magenta"
  ],
  "group": "misc"
}