{
  "name": "crayola-grape",
  "hsl": {
    "h": 272.19512195121956,
    "s": 57.746478873239425,
    "l": 41.76470588235294
  },
  "hex": "#6F2DA8",
  "rgb": {
    "r": 111,
    "g": 45,
    "b": 168
  },
  "rgbChannels": "111 45 168",
  "isLight": false,
  "isDark": true,
  "lightModeContrast": 8.025416673354552,
  "darkModeContrast": 2.616686566533397,
  "luminosity": 0.08083432832666984,
  "shades": [
    "violet",
    "purple",
    "magenta"
  ],
  "group": "misc"
}