{
  "name": "crayola-bluegray",
  "hsl": {
    "h": 210,
    "s": 50.000000000000014,
    "l": 60.00000000000001
  },
  "hex": "#6699CC",
  "rgb": {
    "r": 102,
    "g": 153,
    "b": 204
  },
  "rgbChannels": "102 153 204",
  "isLight": true,
  "isDark": false,
  "lightModeContrast": 3.0028415912047364,
  "darkModeContrast": 6.993375894855254,
  "luminosity": 0.29966879474276276,
  "shades": [
    "cyan"
  ],
  "group": "misc"
}