{
  "name": "crayola-skyblue",
  "hsl": {
    "h": 189.53271028037386,
    "s": 72.78911564625847,
    "l": 71.17647058823529
  },
  "hex": "#80DAEB",
  "rgb": {
    "r": 128,
    "g": 218,
    "b": 235
  },
  "rgbChannels": "128 218 235",
  "isLight": true,
  "isDark": false,
  "lightModeContrast": 1.5974401996600722,
  "darkModeContrast": 13.146032010756148,
  "luminosity": 0.6073016005378074,
  "shades": [
    "cyan"
  ],
  "group": "misc"
}