{
  "name": "crayola-royalpurple",
  "hsl": {
    "h": 266.5909090909091,
    "s": 35.2,
    "l": 49.01960784313725
  },
  "hex": "#7851A9",
  "rgb": {
    "r": 120,
    "g": 81,
    "b": 169
  },
  "rgbChannels": "120 81 169",
  "isLight": false,
  "isDark": true,
  "lightModeContrast": 5.917992985084643,
  "darkModeContrast": 3.5485003197751586,
  "luminosity": 0.1274250159887579,
  "shades": [
    "blue"
  ],
  "group": "misc"
}