{
  "name": "crayola-steelpink",
  "hsl": {
    "h": 300,
    "s": 60.00000000000001,
    "l": 50
  },
  "hex": "#CC33CC",
  "rgb": {
    "r": 204,
    "g": 51,
    "b": 204
  },
  "rgbChannels": "204 51 204",
  "isLight": false,
  "isDark": true,
  "lightModeContrast": 4.2744340515045645,
  "darkModeContrast": 4.912931103149943,
  "luminosity": 0.19564655515749718,
  "shades": [
    "magenta"
  ],
  "group": "misc"
}