{
  "name": "crayola-blush",
  "hsl": {
    "h": 342.32558139534876,
    "s": 66.15384615384615,
    "l": 61.76470588235294
  },
  "hex": "#DE5D83",
  "rgb": {
    "r": 222,
    "g": 93,
    "b": 131
  },
  "rgbChannels": "222 93 131",
  "isLight": false,
  "isDark": true,
  "lightModeContrast": 3.50035114403407,
  "darkModeContrast": 5.9993980991855596,
  "luminosity": 0.24996990495927798,
  "shades": [
    "red"
  ],
  "group": "misc"
}