{
  "name": "crayola-green",
  "hsl": {
    "h": 158.33333333333337,
    "s": 71.99999999999999,
    "l": 39.21568627450981
  },
  "hex": "#1CAC78",
  "rgb": {
    "r": 28,
    "g": 172,
    "b": 120
  },
  "rgbChannels": "28 172 120",
  "isLight": true,
  "isDark": false,
  "lightModeContrast": 2.9079436414928987,
  "darkModeContrast": 7.221598004980208,
  "luminosity": 0.31107990024901044,
  "shades": [
    "cyan"
  ],
  "group": "misc"
}