{
  "name": "crayola-mulberry",
  "hsl": {
    "h": 328.03278688524597,
    "s": 51.26050420168068,
    "l": 53.333333333333336
  },
  "hex": "#C54B8C",
  "rgb": {
    "r": 197,
    "g": 75,
    "b": 140
  },
  "rgbChannels": "197 75 140",
  "isLight": false,
  "isDark": true,
  "lightModeContrast": 4.412521049958487,
  "darkModeContrast": 4.7591840950418955,
  "luminosity": 0.1879592047520948,
  "shades": [
    "magenta"
  ],
  "group": "misc"
}