{
  "name": "crayola-pinegreen",
  "hsl": {
    "h": 175,
    "s": 98.36065573770493,
    "l": 23.921568627450977
  },
  "hex": "#01796F",
  "rgb": {
    "r": 1,
    "g": 121,
    "b": 111
  },
  "rgbChannels": "1 121 111",
  "isLight": false,
  "isDark": true,
  "lightModeContrast": 5.295302754745498,
  "darkModeContrast": 3.965778912486242,
  "luminosity": 0.14828894562431208,
  "shades": [
    "cyan"
  ],
  "group": "misc"
}