{
  "name": "crayola-desertsand",
  "hsl": {
    "h": 25.161290322580612,
    "s": 63.265306122449,
    "l": 80.7843137254902
  },
  "hex": "#EDC9AF",
  "rgb": {
    "r": 237,
    "g": 201,
    "b": 175
  },
  "rgbChannels": "237 201 175",
  "isLight": true,
  "isDark": false,
  "lightModeContrast": 1.5470078505036697,
  "darkModeContrast": 13.574591747005607,
  "luminosity": 0.6287295873502804,
  "shades": [
    "red"
  ],
  "group": "misc"
}