{
  "name": "crayola-atomictangerine",
  "hsl": {
    "h": 20,
    "s": 100,
    "l": 70
  },
  "hex": "#FF9966",
  "rgb": {
    "r": 255,
    "g": 153,
    "b": 102
  },
  "rgbChannels": "255 153 102",
  "isLight": true,
  "isDark": false,
  "lightModeContrast": 2.0999254588147376,
  "darkModeContrast": 10.000354970625027,
  "luminosity": 0.45001774853125137,
  "shades": [
    "red"
  ],
  "group": "misc"
}