{
  "name": "crayola-eerieblack",
  "hsl": {
    "h": 0,
    "s": 0,
    "l": 10.588235294117647
  },
  "hex": "#1B1B1B",
  "rgb": {
    "r": 27,
    "g": 27,
    "b": 27
  },
  "rgbChannels": "27 27 27",
  "isLight": false,
  "isDark": true,
  "lightModeContrast": 17.224382887077635,
  "darkModeContrast": 1.2192018801297648,
  "luminosity": 0.010960094006488246,
  "shades": [
    "gray",
    "red"
  ],
  "group": "misc"
}