{
  "name": "crayola-melon",
  "hsl": {
    "h": 6.575342465753408,
    "s": 94.80519480519483,
    "l": 84.90196078431373
  },
  "hex": "#FDBCB4",
  "rgb": {
    "r": 253,
    "g": 188,
    "b": 180
  },
  "rgbChannels": "253 188 180",
  "isLight": true,
  "isDark": false,
  "lightModeContrast": 1.6118045800435323,
  "darkModeContrast": 13.02887475318678,
  "luminosity": 0.601443737659339,
  "shades": [
    "red"
  ],
  "group": "misc"
}