{
  "name": "crayola-pearlypurple",
  "hsl": {
    "h": 315.9493670886076,
    "s": 35.42600896860987,
    "l": 56.27450980392157
  },
  "hex": "#B768A2",
  "rgb": {
    "r": 183,
    "g": 104,
    "b": 162
  },
  "rgbChannels": "183 104 162",
  "isLight": false,
  "isDark": true,
  "lightModeContrast": 3.8075837666436074,
  "darkModeContrast": 5.5153087330529145,
  "luminosity": 0.22576543665264576,
  "shades": [
    "magenta"
  ],
  "group": "misc"
}