{
  "name": "crayola-lemon",
  "hsl": {
    "h": 60.470588235294144,
    "s": 100,
    "l": 50
  },
  "hex": "#FDFF00",
  "rgb": {
    "r": 253,
    "g": 255,
    "b": 0
  },
  "rgbChannels": "253 255 0",
  "isLight": true,
  "isDark": false,
  "lightModeContrast": 1.0779994544020077,
  "darkModeContrast": 19.480529340016414,
  "luminosity": 0.9240264670008207,
  "shades": [
    "yellow"
  ],
  "group": "misc"
}