{
  "name": "crayola-salmonpink",
  "hsl": {
    "h": 349.6363636363636,
    "s": 100,
    "l": 78.43137254901961
  },
  "hex": "#FF91A4",
  "rgb": {
    "r": 255,
    "g": 145,
    "b": 164
  },
  "rgbChannels": "255 145 164",
  "isLight": true,
  "isDark": false,
  "lightModeContrast": 2.1345309922530893,
  "darkModeContrast": 9.838226793715277,
  "luminosity": 0.4419113396857639,
  "shades": [
    "red",
    "pink"
  ],
  "group": "misc"
}