{
  "name": "crayola-noir",
  "hsl": {
    "h": 190.90909090909088,
    "s": 7.801418439716314,
    "l": 27.647058823529413
  },
  "hex": "#414A4C",
  "rgb": {
    "r": 65,
    "g": 74,
    "b": 76
  },
  "rgbChannels": "65 74 76",
  "isLight": false,
  "isDark": true,
  "lightModeContrast": 9.096281153801913,
  "darkModeContrast": 2.3086357649821285,
  "luminosity": 0.06543178824910643,
  "shades": [
    "gray",
    "cyan"
  ],
  "group": "misc"
}