{
  "name": "crayola-lavender",
  "hsl": {
    "h": 331.9480519480519,
    "s": 90.58823529411765,
    "l": 83.33333333333333
  },
  "hex": "#FBAED2",
  "rgb": {
    "r": 251,
    "g": 174,
    "b": 210
  },
  "rgbChannels": "251 174 210",
  "isLight": true,
  "isDark": false,
  "lightModeContrast": 1.7374188666520554,
  "darkModeContrast": 12.086895338293555,
  "luminosity": 0.5543447669146777,
  "shades": [
    "red"
  ],
  "group": "misc"
}