{
  "name": "crayola-bittersweetshimmer",
  "hsl": {
    "h": 358.92857142857144,
    "s": 46.666666666666664,
    "l": 52.94117647058824
  },
  "hex": "#BF4F51",
  "rgb": {
    "r": 191,
    "g": 79,
    "b": 81
  },
  "rgbChannels": "191 79 81",
  "isLight": false,
  "isDark": true,
  "lightModeContrast": 4.716470193997107,
  "darkModeContrast": 4.452482287861752,
  "luminosity": 0.1726241143930876,
  "shades": [
    "red"
  ],
  "group": "misc"
}