{
  "name": "crayola-smokeytopaz",
  "hsl": {
    "h": 14.745762711864415,
    "s": 81.94444444444444,
    "l": 28.235294117647058
  },
  "hex": "#832A0D",
  "rgb": {
    "r": 131,
    "g": 42,
    "b": 13
  },
  "rgbChannels": "131 42 13",
  "isLight": false,
  "isDark": true,
  "lightModeContrast": 9.122278928415101,
  "darkModeContrast": 2.302056335351338,
  "luminosity": 0.0651028167675669,
  "shades": [
    "red"
  ],
  "group": "misc"
}