{
  "name": "crayola-maximumyellow",
  "hsl": {
    "h": 60,
    "s": 95.1219512195122,
    "l": 59.80392156862745
  },
  "hex": "#FAFA37",
  "rgb": {
    "r": 250,
    "g": 250,
    "b": 55
  },
  "rgbChannels": "250 250 55",
  "isLight": true,
  "isDark": false,
  "lightModeContrast": 1.1173654813010552,
  "darkModeContrast": 18.794208655477433,
  "luminosity": 0.8897104327738717,
  "shades": [
    "yellow"
  ],
  "group": "misc"
}