{
  "name": "crayola-alloyorange",
  "hsl": {
    "h": 27.333333333333314,
    "s": 84.90566037735849,
    "l": 41.568627450980394
  },
  "hex": "#C46210",
  "rgb": {
    "r": 196,
    "g": 98,
    "b": 16
  },
  "rgbChannels": "196 98 16",
  "isLight": false,
  "isDark": true,
  "lightModeContrast": 4.116268845395344,
  "darkModeContrast": 5.101707587319426,
  "luminosity": 0.20508537936597132,
  "shades": [
    "red"
  ],
  "group": "misc"
}