{
  "name": "crayola-lightorange",
  "hsl": {
    "h": 30.389610389610368,
    "s": 97.46835443037976,
    "l": 84.50980392156863
  },
  "hex": "#FED8B1",
  "rgb": {
    "r": 254,
    "g": 216,
    "b": 177
  },
  "rgbChannels": "254 216 177",
  "isLight": true,
  "isDark": false,
  "lightModeContrast": 1.3400225741518057,
  "darkModeContrast": 15.671377785029012,
  "luminosity": 0.7335688892514506,
  "shades": [],
  "group": "misc"
}