{
  "name": "crayola-brinkpink",
  "hsl": {
    "h": 348,
    "s": 95.0920245398773,
    "l": 68.03921568627452
  },
  "hex": "#FB607F",
  "rgb": {
    "r": 251,
    "g": 96,
    "b": 127
  },
  "rgbChannels": "251 96 127",
  "isLight": true,
  "isDark": false,
  "lightModeContrast": 2.9654920218520284,
  "darkModeContrast": 7.081455571370899,
  "luminosity": 0.304072778568545,
  "shades": [
    "red",
    "pink"
  ],
  "group": "misc"
}