{
  "name": "crayola-piggypink",
  "hsl": {
    "h": 343.125,
    "s": 88.88888888888893,
    "l": 92.94117647058823
  },
  "hex": "#FDDDE6",
  "rgb": {
    "r": 253,
    "g": 221,
    "b": 230
  },
  "rgbChannels": "253 221 230",
  "isLight": true,
  "isDark": false,
  "lightModeContrast": 1.260372253721239,
  "darkModeContrast": 16.66174412995658,
  "luminosity": 0.783087206497829,
  "shades": [
    "red"
  ],
  "group": "misc"
}