{
  "name": "encycolorpedia-darkgreen",
  "hsl": {
    "h": 157.9591836734694,
    "s": 96.078431372549,
    "l": 10
  },
  "hex": "#013220",
  "rgb": {
    "r": 1,
    "g": 50,
    "b": 32
  },
  "rgbChannels": "1 50 32",
  "isLight": false,
  "isDark": true,
  "lightModeContrast": 14.204657255083239,
  "darkModeContrast": 1.478388363963164,
  "luminosity": 0.02391941819815821,
  "shades": [
    "cyan"
  ],
  "group": "misc"
}