{
  "name": "encycolorpedia-verdigris",
  "hsl": {
    "h": 177.32142857142856,
    "s": 45.52845528455284,
    "l": 48.23529411764705
  },
  "hex": "#43B3AE",
  "rgb": {
    "r": 67,
    "g": 179,
    "b": 174
  },
  "rgbChannels": "67 179 174",
  "isLight": true,
  "isDark": false,
  "lightModeContrast": 2.5307618035360133,
  "darkModeContrast": 8.297896692868735,
  "luminosity": 0.36489483464343675,
  "shades": [
    "cyan"
  ],
  "group": "misc"
}