{
  "name": "encycolorpedia-teagreen",
  "hsl": {
    "h": 100,
    "s": 61.53846153846153,
    "l": 84.70588235294117
  },
  "hex": "#D0F0C0",
  "rgb": {
    "r": 208,
    "g": 240,
    "b": 192
  },
  "rgbChannels": "208 240 192",
  "isLight": true,
  "isDark": false,
  "lightModeContrast": 1.2420766703180095,
  "darkModeContrast": 16.907168858282606,
  "luminosity": 0.7953584429141303,
  "shades": [
    "green"
  ],
  "group": "misc"
}