{
  "name": "encycolorpedia-darkmossgreen",
  "hsl": {
    "h": 79.65517241379308,
    "s": 45.31249999999999,
    "l": 25.098039215686274
  },
  "hex": "#4A5D23",
  "rgb": {
    "r": 74,
    "g": 93,
    "b": 35
  },
  "rgbChannels": "74 93 35",
  "isLight": false,
  "isDark": true,
  "lightModeContrast": 7.288682002664599,
  "darkModeContrast": 2.881179339738352,
  "luminosity": 0.09405896698691762,
  "shades": [
    "yellow"
  ],
  "group": "misc"
}