{
  "name": "flat-amethyst",
  "hsl": {
    "h": 282.58064516129025,
    "s": 38.912133891213394,
    "l": 53.13725490196079
  },
  "hex": "#9B59B6",
  "rgb": {
    "r": 155,
    "g": 89,
    "b": 182
  },
  "rgbChannels": "155 89 182",
  "isLight": false,
  "isDark": true,
  "lightModeContrast": 4.6685925302126146,
  "darkModeContrast": 4.498143683369092,
  "luminosity": 0.1749071841684546,
  "shades": [
    "magenta"
  ],
  "group": "flat"
}