{
  "name": "flat-nephritis",
  "hsl": {
    "h": 145.33333333333331,
    "s": 63.38028169014084,
    "l": 41.76470588235294
  },
  "hex": "#27AE60",
  "rgb": {
    "r": 39,
    "g": 174,
    "b": 96
  },
  "rgbChannels": "39 174 96",
  "isLight": true,
  "isDark": false,
  "lightModeContrast": 2.8729368309510632,
  "darkModeContrast": 7.309593365840945,
  "luminosity": 0.31547966829204727,
  "shades": [
    "green"
  ],
  "group": "flat"
}