{
  "name": "flat-pomegranate",
  "hsl": {
    "h": 5.637583892617442,
    "s": 63.40425531914893,
    "l": 46.07843137254902
  },
  "hex": "#C0392B",
  "rgb": {
    "r": 192,
    "g": 57,
    "b": 43
  },
  "rgbChannels": "192 57 43",
  "isLight": false,
  "isDark": true,
  "lightModeContrast": 5.438402422419904,
  "darkModeContrast": 3.861428112312386,
  "luminosity": 0.1430714056156193,
  "shades": [
    "red"
  ],
  "group": "flat"
}