{
  "name": "flat-pumpkin",
  "hsl": {
    "h": 23.886255924170598,
    "s": 100,
    "l": 41.37254901960784
  },
  "hex": "#D35400",
  "rgb": {
    "r": 211,
    "g": 84,
    "b": 0
  },
  "rgbChannels": "211 84 0",
  "isLight": false,
  "isDark": true,
  "lightModeContrast": 4.168398308199447,
  "darkModeContrast": 5.037906276540789,
  "luminosity": 0.20189531382703943,
  "shades": [
    "red"
  ],
  "group": "flat"
}