{
  "name": "flat-peterriver",
  "hsl": {
    "h": 204.07185628742513,
    "s": 69.8744769874477,
    "l": 53.13725490196079
  },
  "hex": "#3498DB",
  "rgb": {
    "r": 52,
    "g": 152,
    "b": 219
  },
  "rgbChannels": "52 152 219",
  "isLight": true,
  "isDark": false,
  "lightModeContrast": 3.153057500542468,
  "darkModeContrast": 6.6602020408403755,
  "luminosity": 0.2830101020420188,
  "shades": [
    "cyan"
  ],
  "group": "flat"
}