{
  "name": "flat-emerland",
  "hsl": {
    "h": 145.44303797468353,
    "s": 63.2,
    "l": 49.01960784313726
  },
  "hex": "#2ECC71",
  "rgb": {
    "r": 46,
    "g": 204,
    "b": 113
  },
  "rgbChannels": "46 204 113",
  "isLight": true,
  "isDark": false,
  "lightModeContrast": 2.1017306543240406,
  "darkModeContrast": 9.991765575096503,
  "luminosity": 0.4495882787548252,
  "shades": [
    "green"
  ],
  "group": "flat"
}