{
  "name": "flat-asbestos",
  "hsl": {
    "h": 184.28571428571422,
    "s": 5.785123966942152,
    "l": 52.54901960784314
  },
  "hex": "#7F8C8D",
  "rgb": {
    "r": 127,
    "g": 140,
    "b": 141
  },
  "rgbChannels": "127 140 141",
  "isLight": true,
  "isDark": false,
  "lightModeContrast": 3.477825339746958,
  "darkModeContrast": 6.03825607916467,
  "luminosity": 0.2519128039582335,
  "shades": [
    "gray",
    "cyan"
  ],
  "group": "flat"
}