{
  "name": "flat-midnightblue",
  "hsl": {
    "h": 210,
    "s": 29.03225806451613,
    "l": 24.313725490196077
  },
  "hex": "#2C3E50",
  "rgb": {
    "r": 44,
    "g": 62,
    "b": 80
  },
  "rgbChannels": "44 62 80",
  "isLight": false,
  "isDark": true,
  "lightModeContrast": 10.983368598577295,
  "darkModeContrast": 1.9119817214110602,
  "luminosity": 0.04559908607055301,
  "shades": [
    "cyan"
  ],
  "group": "flat"
}