{
  "name": "flat-concrete",
  "hsl": {
    "h": 183.52941176470586,
    "s": 8.717948717948715,
    "l": 61.76470588235294
  },
  "hex": "#95A5A6",
  "rgb": {
    "r": 149,
    "g": 165,
    "b": 166
  },
  "rgbChannels": "149 165 166",
  "isLight": true,
  "isDark": false,
  "lightModeContrast": 2.5576692353696378,
  "darkModeContrast": 8.21060038162638,
  "luminosity": 0.36053001908131904,
  "shades": [
    "gray",
    "cyan"
  ],
  "group": "flat"
}