{
  "name": "flat-turquoise",
  "hsl": {
    "h": 168.14814814814815,
    "s": 75.70093457943926,
    "l": 41.96078431372549
  },
  "hex": "#1ABC9C",
  "rgb": {
    "r": 26,
    "g": 188,
    "b": 156
  },
  "rgbChannels": "26 188 156",
  "isLight": true,
  "isDark": false,
  "lightModeContrast": 2.4090109891069345,
  "darkModeContrast": 8.717270321703717,
  "luminosity": 0.38586351608518593,
  "shades": [
    "cyan"
  ],
  "group": "flat"
}