{
  "name": "flat-greensea",
  "hsl": {
    "h": 168.26086956521738,
    "s": 75.82417582417582,
    "l": 35.68627450980392
  },
  "hex": "#16A085",
  "rgb": {
    "r": 22,
    "g": 160,
    "b": 133
  },
  "rgbChannels": "22 160 133",
  "isLight": true,
  "isDark": false,
  "lightModeContrast": 3.2806718018588974,
  "darkModeContrast": 6.401127960468633,
  "luminosity": 0.2700563980234317,
  "shades": [
    "cyan"
  ],
  "group": "flat"
}