{
  "name": "flat-alizarin",
  "hsl": {
    "h": 5.614035087719287,
    "s": 78.08219178082192,
    "l": 57.05882352941176
  },
  "hex": "#E74C3C",
  "rgb": {
    "r": 231,
    "g": 76,
    "b": 60
  },
  "rgbChannels": "231 76 60",
  "isLight": false,
  "isDark": true,
  "lightModeContrast": 3.820397458848053,
  "darkModeContrast": 5.496810273330051,
  "luminosity": 0.2248405136665026,
  "shades": [
    "red"
  ],
  "group": "flat"
}