{
  "name": "french-pink",
  "hsl": {
    "h": 339.3103448275863,
    "s": 97.31543624161074,
    "l": 70.7843137254902
  },
  "hex": "#FD6C9E",
  "rgb": {
    "r": 253,
    "g": 108,
    "b": 158
  },
  "rgbChannels": "253 108 158",
  "isLight": true,
  "isDark": false,
  "lightModeContrast": 2.6870443226225578,
  "darkModeContrast": 7.815278603035464,
  "luminosity": 0.34076393015177325,
  "shades": [
    "red"
  ],
  "group": "misc"
}