{
  "name": "ganbaro-orange-50",
  "hsl": {
    "h": 34.50980392156862,
    "s": 100,
    "l": 70
  },
  "hex": "#FFBE66",
  "rgb": {
    "r": 255,
    "g": 190,
    "b": 102
  },
  "rgbChannels": "255 190 102",
  "isLight": true,
  "isDark": false,
  "lightModeContrast": 1.6394409980334017,
  "darkModeContrast": 12.809244141869478,
  "luminosity": 0.5904622070934739,
  "shades": [
    "yellow"
  ],
  "group": "ganbaro"
}