{
  "name": "ganbaro-red-900",
  "hsl": {
    "h": 0.46875,
    "s": 73.5632183908046,
    "l": 34.11764705882353
  },
  "hex": "#971817",
  "rgb": {
    "r": 151,
    "g": 24,
    "b": 23
  },
  "rgbChannels": "151 24 23",
  "isLight": false,
  "isDark": true,
  "lightModeContrast": 8.540446588934671,
  "darkModeContrast": 2.4588878088891044,
  "luminosity": 0.07294439044445523,
  "shades": [
    "red"
  ],
  "group": "ganbaro"
}