{
  "name": "ganbaro-slate-a100",
  "hsl": {
    "h": 220,
    "s": 18.181818181818176,
    "l": 74.11764705882354
  },
  "hex": "#B1B9C9",
  "rgb": {
    "r": 177,
    "g": 185,
    "b": 201
  },
  "rgbChannels": "177 185 201",
  "isLight": true,
  "isDark": false,
  "lightModeContrast": 1.9713837166807118,
  "darkModeContrast": 10.652416281168456,
  "luminosity": 0.4826208140584229,
  "shades": [
    "blue"
  ],
  "group": "ganbaro"
}