{
  "name": "ganbaro-yellow-a100",
  "hsl": {
    "h": 56.60377358490564,
    "s": 100,
    "l": 79.2156862745098
  },
  "hex": "#FFF995",
  "rgb": {
    "r": 255,
    "g": 249,
    "b": 149
  },
  "rgbChannels": "255 249 149",
  "isLight": true,
  "isDark": false,
  "lightModeContrast": 1.0916884180322985,
  "darkModeContrast": 19.23625794056807,
  "luminosity": 0.9118128970284035,
  "shades": [
    "yellow"
  ],
  "group": "ganbaro"
}