{
  "name": "ganbaro-yellow-50",
  "hsl": {
    "h": 52.80000000000001,
    "s": 98.03921568627452,
    "l": 80
  },
  "hex": "#FEF29A",
  "rgb": {
    "r": 254,
    "g": 242,
    "b": 154
  },
  "rgbChannels": "254 242 154",
  "isLight": true,
  "isDark": false,
  "lightModeContrast": 1.1424444832632243,
  "darkModeContrast": 18.38163718907075,
  "luminosity": 0.8690818594535376,
  "shades": [
    "yellow"
  ],
  "group": "ganbaro"
}