{
  "name": "ganbaro-red-800",
  "hsl": {
    "h": 0.8759124087591204,
    "s": 73.2620320855615,
    "l": 36.666666666666664
  },
  "hex": "#A21B19",
  "rgb": {
    "r": 162,
    "g": 27,
    "b": 25
  },
  "rgbChannels": "162 27 25",
  "isLight": false,
  "isDark": true,
  "lightModeContrast": 7.757415853723318,
  "darkModeContrast": 2.7070870501187136,
  "luminosity": 0.08535435250593569,
  "shades": [
    "red"
  ],
  "group": "ganbaro"
}