{
  "name": "ganbaro-orange-600",
  "hsl": {
    "h": 34.43478260869563,
    "s": 100,
    "l": 45.09803921568628
  },
  "hex": "#E68400",
  "rgb": {
    "r": 230,
    "g": 132,
    "b": 0
  },
  "rgbChannels": "230 132 0",
  "isLight": true,
  "isDark": false,
  "lightModeContrast": 2.739688677421097,
  "darkModeContrast": 7.665104496386633,
  "luminosity": 0.3332552248193317,
  "shades": [
    "yellow"
  ],
  "group": "ganbaro"
}