{
  "name": "ganbaro-green-500",
  "hsl": {
    "h": 92.59259259259261,
    "s": 54.36241610738255,
    "l": 70.7843137254902
  },
  "hex": "#B1DD8C",
  "rgb": {
    "r": 177,
    "g": 221,
    "b": 140
  },
  "rgbChannels": "177 221 140",
  "isLight": true,
  "isDark": false,
  "lightModeContrast": 1.5451750902740662,
  "darkModeContrast": 13.590692816744316,
  "luminosity": 0.6295346408372158,
  "shades": [
    "green"
  ],
  "group": "ganbaro"
}