{
  "name": "ganbaro-blue-700",
  "hsl": {
    "h": 212.2388059701492,
    "s": 58.26086956521739,
    "l": 22.54901960784314
  },
  "hex": "#18375B",
  "rgb": {
    "r": 24,
    "g": 55,
    "b": 91
  },
  "rgbChannels": "24 55 91",
  "isLight": false,
  "isDark": true,
  "lightModeContrast": 12.094129982507338,
  "darkModeContrast": 1.7363795519292335,
  "luminosity": 0.036818977596461674,
  "shades": [
    "blue"
  ],
  "group": "ganbaro"
}