{
  "name": "ganbaro-yellow-a400",
  "hsl": {
    "h": 52,
    "s": 100,
    "l": 58.82352941176471
  },
  "hex": "#FFE32D",
  "rgb": {
    "r": 255,
    "g": 227,
    "b": 45
  },
  "rgbChannels": "255 227 45",
  "isLight": true,
  "isDark": false,
  "lightModeContrast": 1.290122317621711,
  "darkModeContrast": 16.277526334644502,
  "luminosity": 0.7638763167322251,
  "shades": [
    "yellow"
  ],
  "group": "ganbaro"
}