{
  "name": "ganbaro-slate-400",
  "hsl": {
    "h": 208,
    "s": 6.122448979591844,
    "l": 51.9607843137255
  },
  "hex": "#7D858C",
  "rgb": {
    "r": 125,
    "g": 133,
    "b": 140
  },
  "rgbChannels": "125 133 140",
  "isLight": true,
  "isDark": false,
  "lightModeContrast": 3.746189413700305,
  "darkModeContrast": 5.605696263835527,
  "luminosity": 0.23028481319177635,
  "shades": [
    "gray",
    "cyan"
  ],
  "group": "ganbaro"
}