{
  "name": "ganbaro-blue-200",
  "hsl": {
    "h": 212.4324324324325,
    "s": 58.11518324607331,
    "l": 62.549019607843135
  },
  "hex": "#689BD7",
  "rgb": {
    "r": 104,
    "g": 155,
    "b": 215
  },
  "rgbChannels": "104 155 215",
  "isLight": true,
  "isDark": false,
  "lightModeContrast": 2.893196227928123,
  "darkModeContrast": 7.258408467868952,
  "luminosity": 0.3129204233934476,
  "shades": [
    "blue"
  ],
  "group": "ganbaro"
}