{
  "name": "ganbaro-yellow-300",
  "hsl": {
    "h": 53.333333333333314,
    "s": 97.82608695652175,
    "l": 63.921568627450974
  },
  "hex": "#FDE949",
  "rgb": {
    "r": 253,
    "g": 233,
    "b": 73
  },
  "rgbChannels": "253 233 73",
  "isLight": true,
  "isDark": false,
  "lightModeContrast": 1.240526031485654,
  "darkModeContrast": 16.928302564397136,
  "luminosity": 0.7964151282198567,
  "shades": [
    "yellow"
  ],
  "group": "ganbaro"
}