{
  "name": "ganbaro-slate-800",
  "hsl": {
    "h": 205.71428571428578,
    "s": 6.0869565217391335,
    "l": 22.54901960784314
  },
  "hex": "#363A3D",
  "rgb": {
    "r": 54,
    "g": 58,
    "b": 61
  },
  "rgbChannels": "54 58 61",
  "isLight": false,
  "isDark": true,
  "lightModeContrast": 11.478792345775284,
  "darkModeContrast": 1.8294607452959937,
  "luminosity": 0.04147303726479969,
  "shades": [
    "gray",
    "cyan"
  ],
  "group": "ganbaro"
}