{
  "name": "ganbaro-mono-400",
  "hsl": {
    "h": 0,
    "s": 0,
    "l": 49.01960784313725
  },
  "hex": "#7D7D7D",
  "rgb": {
    "r": 125,
    "g": 125,
    "b": 125
  },
  "rgbChannels": "125 125 125",
  "isLight": false,
  "isDark": true,
  "lightModeContrast": 4.116376044741373,
  "darkModeContrast": 5.101574727806338,
  "luminosity": 0.20507873639031693,
  "shades": [
    "gray",
    "red"
  ],
  "group": "ganbaro"
}