{
  "name": "ganbaro-red-600",
  "hsl": {
    "h": 0.7228915662650479,
    "s": 73.45132743362831,
    "l": 44.313725490196084
  },
  "hex": "#C4201E",
  "rgb": {
    "r": 196,
    "g": 32,
    "b": 30
  },
  "rgbChannels": "196 32 30",
  "isLight": false,
  "isDark": true,
  "lightModeContrast": 5.878228768085148,
  "darkModeContrast": 3.5725047167296307,
  "luminosity": 0.12862523583648153,
  "shades": [
    "red"
  ],
  "group": "ganbaro"
}