{
  "name": "ganbaro-tan-a200",
  "hsl": {
    "h": 323.9999999999999,
    "s": 2.9940119760479105,
    "l": 67.25490196078432
  },
  "hex": "#AEA9AC",
  "rgb": {
    "r": 174,
    "g": 169,
    "b": 172
  },
  "rgbChannels": "174 169 172",
  "isLight": true,
  "isDark": false,
  "lightModeContrast": 2.3151638025474854,
  "darkModeContrast": 9.070632486950899,
  "luminosity": 0.403531624347545,
  "shades": [
    "gray",
    "magenta"
  ],
  "group": "ganbaro"
}