{
  "name": "ganbaro-yellow-500",
  "hsl": {
    "h": 52.59911894273125,
    "s": 98.26839826839827,
    "l": 54.70588235294118
  },
  "hex": "#FDE11A",
  "rgb": {
    "r": 253,
    "g": 225,
    "b": 26
  },
  "rgbChannels": "253 225 26",
  "isLight": true,
  "isDark": false,
  "lightModeContrast": 1.3156632595987068,
  "darkModeContrast": 15.961531073236213,
  "luminosity": 0.7480765536618106,
  "shades": [
    "yellow"
  ],
  "group": "ganbaro"
}