{
  "name": "ganbaro-slate-a700",
  "hsl": {
    "h": 220,
    "s": 5.806451612903232,
    "l": 30.3921568627451
  },
  "hex": "#494C52",
  "rgb": {
    "r": 73,
    "g": 76,
    "b": 82
  },
  "rgbChannels": "73 76 82",
  "isLight": false,
  "isDark": true,
  "lightModeContrast": 8.6104063248626,
  "darkModeContrast": 2.438909292742942,
  "luminosity": 0.07194546463714711,
  "shades": [
    "gray",
    "blue"
  ],
  "group": "ganbaro"
}