{
  "name": "ganbaro-mono-100",
  "hsl": {
    "h": 0,
    "s": 0,
    "l": 86.66666666666667
  },
  "hex": "#DDDDDD",
  "rgb": {
    "r": 221,
    "g": 221,
    "b": 221
  },
  "rgbChannels": "221 221 221",
  "isLight": true,
  "isDark": false,
  "lightModeContrast": 1.3582472461753565,
  "darkModeContrast": 15.461102578439387,
  "luminosity": 0.7230551289219693,
  "shades": [
    "gray",
    "red"
  ],
  "group": "ganbaro"
}