{
  "name": "ganbaro-tan-a400",
  "hsl": {
    "h": 324,
    "s": 2.0242914979757125,
    "l": 48.431372549019606
  },
  "hex": "#7E797C",
  "rgb": {
    "r": 126,
    "g": 121,
    "b": 124
  },
  "rgbChannels": "126 121 124",
  "isLight": false,
  "isDark": true,
  "lightModeContrast": 4.274269647624509,
  "darkModeContrast": 4.913120072261017,
  "luminosity": 0.19565600361305086,
  "shades": [
    "gray",
    "magenta"
  ],
  "group": "ganbaro"
}