{
  "name": "ganbaro-tan-100",
  "hsl": {
    "h": 33.33333333333343,
    "s": 11.111111111111107,
    "l": 84.11764705882352
  },
  "hex": "#DBD7D2",
  "rgb": {
    "r": 219,
    "g": 215,
    "b": 210
  },
  "rgbChannels": "219 215 210",
  "isLight": true,
  "isDark": false,
  "lightModeContrast": 1.4321940062075338,
  "darkModeContrast": 14.662817962496746,
  "luminosity": 0.6831408981248372,
  "shades": [
    "yellow"
  ],
  "group": "ganbaro"
}