{
  "name": "ganbaro-orange-300",
  "hsl": {
    "h": 34.70588235294116,
    "s": 100,
    "l": 60
  },
  "hex": "#FFA933",
  "rgb": {
    "r": 255,
    "g": 169,
    "b": 51
  },
  "rgbChannels": "255 169 51",
  "isLight": true,
  "isDark": false,
  "lightModeContrast": 1.9134413609925662,
  "darkModeContrast": 10.974990103227723,
  "luminosity": 0.4987495051613862,
  "shades": [
    "yellow"
  ],
  "group": "ganbaro"
}