{
  "name": "ganbaro-tan-600",
  "hsl": {
    "h": 33.333333333333314,
    "s": 6.382978723404252,
    "l": 27.647058823529413
  },
  "hex": "#4B4742",
  "rgb": {
    "r": 75,
    "g": 71,
    "b": 66
  },
  "rgbChannels": "75 71 66",
  "isLight": false,
  "isDark": true,
  "lightModeContrast": 9.214018191885051,
  "darkModeContrast": 2.279135938595723,
  "luminosity": 0.06395679692978615,
  "shades": [
    "gray",
    "yellow"
  ],
  "group": "ganbaro"
}