{
  "name": "ganbaro-tan-a700",
  "hsl": {
    "h": 324,
    "s": 4.201680672268904,
    "l": 23.333333333333332
  },
  "hex": "#3E393C",
  "rgb": {
    "r": 62,
    "g": 57,
    "b": 60
  },
  "rgbChannels": "62 57 60",
  "isLight": false,
  "isDark": true,
  "lightModeContrast": 11.318762783742121,
  "darkModeContrast": 1.8553264523012774,
  "luminosity": 0.04276632261506386,
  "shades": [
    "gray",
    "magenta"
  ],
  "group": "ganbaro"
}