{
  "name": "ganbaro-yellow-400",
  "hsl": {
    "h": 53.10000000000002,
    "s": 98.03921568627452,
    "l": 60
  },
  "hex": "#FDE635",
  "rgb": {
    "r": 253,
    "g": 230,
    "b": 53
  },
  "rgbChannels": "253 230 53",
  "isLight": true,
  "isDark": false,
  "lightModeContrast": 1.2691380444059026,
  "darkModeContrast": 16.546663377213886,
  "luminosity": 0.7773331688606944,
  "shades": [
    "yellow"
  ],
  "group": "ganbaro"
}