{
  "name": "ganbaro-yellow-700",
  "hsl": {
    "h": 49.13793103448279,
    "s": 96.66666666666667,
    "l": 52.94117647058824
  },
  "hex": "#FBD113",
  "rgb": {
    "r": 251,
    "g": 209,
    "b": 19
  },
  "rgbChannels": "251 209 19",
  "isLight": true,
  "isDark": false,
  "lightModeContrast": 1.4756066338765215,
  "darkModeContrast": 14.231435070762414,
  "luminosity": 0.6615717535381207,
  "shades": [
    "yellow"
  ],
  "group": "ganbaro"
}