{
  "name": "ganbaro-slate-500",
  "hsl": {
    "h": 205,
    "s": 5.660377358490567,
    "l": 41.56862745098039
  },
  "hex": "#646B70",
  "rgb": {
    "r": 100,
    "g": 107,
    "b": 112
  },
  "rgbChannels": "100 107 112",
  "isLight": false,
  "isDark": true,
  "lightModeContrast": 5.41388722390571,
  "darkModeContrast": 3.878913455616848,
  "luminosity": 0.1439456727808424,
  "shades": [
    "gray",
    "cyan"
  ],
  "group": "ganbaro"
}