{
  "name": "ganbaro-red-a100",
  "hsl": {
    "h": 1.4457831325300958,
    "s": 100,
    "l": 83.72549019607844
  },
  "hex": "#FFAEAC",
  "rgb": {
    "r": 255,
    "g": 174,
    "b": 172
  },
  "rgbChannels": "255 174 172",
  "isLight": true,
  "isDark": false,
  "lightModeContrast": 1.7643897325730127,
  "darkModeContrast": 11.902132285351527,
  "luminosity": 0.5451066142675763,
  "shades": [
    "red"
  ],
  "group": "ganbaro"
}