{
  "name": "ganbaro-green-a700",
  "hsl": {
    "h": 154.5,
    "s": 85.10638297872339,
    "l": 18.43137254901961
  },
  "hex": "#075735",
  "rgb": {
    "r": 7,
    "g": 87,
    "b": 53
  },
  "rgbChannels": "7 87 53",
  "isLight": false,
  "isDark": true,
  "lightModeContrast": 8.664365460547744,
  "darkModeContrast": 2.423720478507196,
  "luminosity": 0.0711860239253598,
  "shades": [
    "cyan"
  ],
  "group": "ganbaro"
}