{
  "name": "ganbaro-yellow-a700",
  "hsl": {
    "h": 37.89473684210526,
    "s": 100,
    "l": 66.47058823529412
  },
  "hex": "#FFC054",
  "rgb": {
    "r": 255,
    "g": 192,
    "b": 84
  },
  "rgbChannels": "255 192 84",
  "isLight": true,
  "isDark": false,
  "lightModeContrast": 1.6254029207333072,
  "darkModeContrast": 12.919873424692607,
  "luminosity": 0.5959936712346303,
  "shades": [
    "orange",
    "yellow"
  ],
  "group": "ganbaro"
}