{
  "name": "ganbaro-mono-600",
  "hsl": {
    "h": 0,
    "s": 0,
    "l": 25.098039215686274
  },
  "hex": "#404040",
  "rgb": {
    "r": 64,
    "g": 64,
    "b": 64
  },
  "rgbChannels": "64 64 64",
  "isLight": false,
  "isDark": true,
  "lightModeContrast": 10.368377760269818,
  "darkModeContrast": 2.025389167480865,
  "luminosity": 0.05126945837404324,
  "shades": [
    "gray",
    "red"
  ],
  "group": "ganbaro"
}