{
  "name": "ganbaro-mono-700",
  "hsl": {
    "h": 0,
    "s": 0,
    "l": 18.823529411764707
  },
  "hex": "#303030",
  "rgb": {
    "r": 48,
    "g": 48,
    "b": 48
  },
  "rgbChannels": "48 48 48",
  "isLight": false,
  "isDark": true,
  "lightModeContrast": 13.19811185826915,
  "darkModeContrast": 1.5911366887561762,
  "luminosity": 0.0295568344378088,
  "shades": [
    "gray",
    "red"
  ],
  "group": "ganbaro"
}