{
  "name": "ganbaro-yellow-900",
  "hsl": {
    "h": 39.64757709251103,
    "s": 97.42489270386268,
    "l": 54.313725490196084
  },
  "hex": "#FCAF19",
  "rgb": {
    "r": 252,
    "g": 175,
    "b": 25
  },
  "rgbChannels": "252 175 25",
  "isLight": true,
  "isDark": false,
  "lightModeContrast": 1.8608581961088666,
  "darkModeContrast": 11.285115676149795,
  "luminosity": 0.5142557838074897,
  "shades": [
    "orange",
    "yellow"
  ],
  "group": "ganbaro"
}