{
  "name": "ganbaro-red-50",
  "hsl": {
    "h": 1.1111111111110858,
    "s": 79.41176470588238,
    "l": 86.66666666666667
  },
  "hex": "#F8C3C2",
  "rgb": {
    "r": 248,
    "g": 195,
    "b": 194
  },
  "rgbChannels": "248 195 194",
  "isLight": true,
  "isDark": false,
  "lightModeContrast": 1.5468083207041465,
  "darkModeContrast": 13.57634279497557,
  "luminosity": 0.6288171397487785,
  "shades": [
    "red"
  ],
  "group": "ganbaro"
}