{
  "name": "ganbaro-tan-200",
  "hsl": {
    "h": 33.33333333333343,
    "s": 5.084745762711861,
    "l": 65.29411764705881
  },
  "hex": "#ABA7A2",
  "rgb": {
    "r": 171,
    "g": 167,
    "b": 162
  },
  "rgbChannels": "171 167 162",
  "isLight": true,
  "isDark": false,
  "lightModeContrast": 2.3915819072231805,
  "darkModeContrast": 8.78079899190352,
  "luminosity": 0.389039949595176,
  "shades": [
    "gray",
    "yellow"
  ],
  "group": "ganbaro"
}