{
  "name": "ganbaro-orange-500",
  "hsl": {
    "h": 34.588235294117624,
    "s": 100,
    "l": 50
  },
  "hex": "#FF9300",
  "rgb": {
    "r": 255,
    "g": 147,
    "b": 0
  },
  "rgbChannels": "255 147 0",
  "isLight": true,
  "isDark": false,
  "lightModeContrast": 2.228001498969936,
  "darkModeContrast": 9.425487374990032,
  "luminosity": 0.42127436874950164,
  "shades": [
    "yellow"
  ],
  "group": "ganbaro"
}