{
  "name": "ganbaro-slate-600",
  "hsl": {
    "h": 207.27272727272725,
    "s": 6.010928961748628,
    "l": 35.88235294117647
  },
  "hex": "#565C61",
  "rgb": {
    "r": 86,
    "g": 92,
    "b": 97
  },
  "rgbChannels": "86 92 97",
  "isLight": false,
  "isDark": true,
  "lightModeContrast": 6.776032552604426,
  "darkModeContrast": 3.0991586650404255,
  "luminosity": 0.1049579332520213,
  "shades": [
    "gray",
    "cyan"
  ],
  "group": "ganbaro"
}