{
  "name": "ganbaro-red-100",
  "hsl": {
    "h": 0.8108108108108354,
    "s": 78.72340425531918,
    "l": 81.56862745098039
  },
  "hex": "#F5ACAB",
  "rgb": {
    "r": 245,
    "g": 172,
    "b": 171
  },
  "rgbChannels": "245 172 171",
  "isLight": true,
  "isDark": false,
  "lightModeContrast": 1.8467123444563838,
  "darkModeContrast": 11.371559876685486,
  "luminosity": 0.5185779938342743,
  "shades": [
    "red"
  ],
  "group": "ganbaro"
}