{
  "name": "ganbaro-green-a200",
  "hsl": {
    "h": 129.4736842105263,
    "s": 21.590909090909083,
    "l": 65.49019607843137
  },
  "hex": "#94BA9A",
  "rgb": {
    "r": 148,
    "g": 186,
    "b": 154
  },
  "rgbChannels": "148 186 154",
  "isLight": true,
  "isDark": false,
  "lightModeContrast": 2.1539873322254084,
  "darkModeContrast": 9.749360957617002,
  "luminosity": 0.43746804788085014,
  "shades": [
    "green"
  ],
  "group": "ganbaro"
}