{
  "name": "ganbaro-slate-a400",
  "hsl": {
    "h": 222.3529411764705,
    "s": 7.172995780590716,
    "l": 53.529411764705884
  },
  "hex": "#808591",
  "rgb": {
    "r": 128,
    "g": 133,
    "b": 145
  },
  "rgbChannels": "128 133 145",
  "isLight": true,
  "isDark": false,
  "lightModeContrast": 3.696065718777153,
  "darkModeContrast": 5.681717154896226,
  "luminosity": 0.23408585774481133,
  "shades": [
    "gray",
    "blue"
  ],
  "group": "ganbaro"
}