{
  "name": "ganbaro-yellow-800",
  "hsl": {
    "h": 46.85950413223139,
    "s": 96.8,
    "l": 50.98039215686274
  },
  "hex": "#FBC609",
  "rgb": {
    "r": 251,
    "g": 198,
    "b": 9
  },
  "rgbChannels": "251 198 9",
  "isLight": true,
  "isDark": false,
  "lightModeContrast": 1.5929094061641995,
  "darkModeContrast": 13.183423940328774,
  "luminosity": 0.6091711970164387,
  "shades": [
    "yellow"
  ],
  "group": "ganbaro"
}