{
  "name": "ganbaro-green-700",
  "hsl": {
    "h": 92.40875912408762,
    "s": 54.581673306772906,
    "l": 50.78431372549019
  },
  "hex": "#7CC63D",
  "rgb": {
    "r": 124,
    "g": 198,
    "b": 61
  },
  "rgbChannels": "124 198 61",
  "isLight": true,
  "isDark": false,
  "lightModeContrast": 2.099572746728467,
  "darkModeContrast": 10.002034953407538,
  "luminosity": 0.4501017476703769,
  "shades": [
    "green"
  ],
  "group": "ganbaro"
}