{
  "name": "ganbaro-green-a100",
  "hsl": {
    "h": 127.05882352941171,
    "s": 35.17241379310344,
    "l": 71.56862745098039
  },
  "hex": "#9DD0A3",
  "rgb": {
    "r": 157,
    "g": 208,
    "b": 163
  },
  "rgbChannels": "157 208 163",
  "isLight": true,
  "isDark": false,
  "lightModeContrast": 1.7522138466272668,
  "darkModeContrast": 11.984838517525509,
  "luminosity": 0.5492419258762754,
  "shades": [
    "green"
  ],
  "group": "ganbaro"
}