{
  "name": "ganbaro-blue-500",
  "hsl": {
    "h": 212.5,
    "s": 57.831325301204814,
    "l": 32.549019607843135
  },
  "hex": "#234F83",
  "rgb": {
    "r": 35,
    "g": 79,
    "b": 131
  },
  "rgbChannels": "35 79 131",
  "isLight": false,
  "isDark": true,
  "lightModeContrast": 8.341288789351045,
  "darkModeContrast": 2.517596564551244,
  "luminosity": 0.07587982822756222,
  "shades": [
    "blue"
  ],
  "group": "ganbaro"
}