{
  "name": "ganbaro-blue-a200",
  "hsl": {
    "h": 206.48648648648646,
    "s": 87.4015748031496,
    "l": 49.80392156862745
  },
  "hex": "#108CEE",
  "rgb": {
    "r": 16,
    "g": 140,
    "b": 238
  },
  "rgbChannels": "16 140 238",
  "isLight": false,
  "isDark": true,
  "lightModeContrast": 3.495412538759722,
  "darkModeContrast": 6.007874540454511,
  "luminosity": 0.25039372702272555,
  "shades": [
    "cyan"
  ],
  "group": "ganbaro"
}