{
  "name": "ganbaro-slate-900",
  "hsl": {
    "h": 210,
    "s": 5.263157894736842,
    "l": 14.901960784313726
  },
  "hex": "#242628",
  "rgb": {
    "r": 36,
    "g": 38,
    "b": 40
  },
  "rgbChannels": "36 38 40",
  "isLight": false,
  "isDark": true,
  "lightModeContrast": 15.185489313732555,
  "darkModeContrast": 1.3828991325955668,
  "luminosity": 0.01914495662977834,
  "shades": [
    "gray",
    "cyan"
  ],
  "group": "ganbaro"
}