{
  "name": "ganbaro-green-50",
  "hsl": {
    "h": 93.59999999999997,
    "s": 53.1914893617022,
    "l": 90.7843137254902
  },
  "hex": "#E6F4DB",
  "rgb": {
    "r": 230,
    "g": 244,
    "b": 219
  },
  "rgbChannels": "230 244 219",
  "isLight": true,
  "isDark": false,
  "lightModeContrast": 1.145802437722944,
  "darkModeContrast": 18.32776690694894,
  "luminosity": 0.8663883453474471,
  "shades": [
    "green"
  ],
  "group": "ganbaro"
}