{
  "name": "ganbaro-orange-900",
  "hsl": {
    "h": 34.58823529411768,
    "s": 100,
    "l": 33.33333333333333
  },
  "hex": "#AA6200",
  "rgb": {
    "r": 170,
    "g": 98,
    "b": 0
  },
  "rgbChannels": "170 98 0",
  "isLight": false,
  "isDark": true,
  "lightModeContrast": 4.712448081114741,
  "darkModeContrast": 4.456282517818721,
  "luminosity": 0.17281412589093606,
  "shades": [
    "yellow"
  ],
  "group": "ganbaro"
}