{
  "name": "ganbaro-blue-300",
  "hsl": {
    "h": 212.57142857142856,
    "s": 57.851239669421496,
    "l": 52.54901960784314
  },
  "hex": "#4080CC",
  "rgb": {
    "r": 64,
    "g": 128,
    "b": 204
  },
  "rgbChannels": "64 128 204",
  "isLight": false,
  "isDark": true,
  "lightModeContrast": 4.055938728243931,
  "darkModeContrast": 5.177593007942753,
  "luminosity": 0.20887965039713768,
  "shades": [
    "blue"
  ],
  "group": "ganbaro"
}