{
  "name": "ganbaro-orange-700",
  "hsl": {
    "h": 34.70588235294116,
    "s": 100,
    "l": 40
  },
  "hex": "#CC7600",
  "rgb": {
    "r": 204,
    "g": 118,
    "b": 0
  },
  "rgbChannels": "204 118 0",
  "isLight": false,
  "isDark": true,
  "lightModeContrast": 3.409729018531106,
  "darkModeContrast": 6.158847194562896,
  "luminosity": 0.25794235972814483,
  "shades": [
    "yellow"
  ],
  "group": "ganbaro"
}