{
  "name": "ganbaro-orange-a700",
  "hsl": {
    "h": 34.41860465116281,
    "s": 100,
    "l": 25.294117647058822
  },
  "hex": "#814A00",
  "rgb": {
    "r": 129,
    "g": 74,
    "b": 0
  },
  "rgbChannels": "129 74 0",
  "isLight": false,
  "isDark": true,
  "lightModeContrast": 7.209218383789904,
  "darkModeContrast": 2.9129371427031523,
  "luminosity": 0.09564685713515764,
  "shades": [
    "yellow"
  ],
  "group": "ganbaro"
}