{
  "name": "ganbaro-blue-a400",
  "hsl": {
    "h": 205.304347826087,
    "s": 100,
    "l": 45.09803921568628
  },
  "hex": "#0085E6",
  "rgb": {
    "r": 0,
    "g": 133,
    "b": 230
  },
  "rgbChannels": "0 133 230",
  "isLight": false,
  "isDark": true,
  "lightModeContrast": 3.819816871297693,
  "darkModeContrast": 5.497645753071336,
  "luminosity": 0.22488228765356683,
  "shades": [
    "cyan"
  ],
  "group": "ganbaro"
}