{
  "name": "ganbaro-tan-300",
  "hsl": {
    "h": 33.33333333333343,
    "s": 4.306220095693778,
    "l": 59.019607843137244
  },
  "hex": "#9B9792",
  "rgb": {
    "r": 155,
    "g": 151,
    "b": 146
  },
  "rgbChannels": "155 151 146",
  "isLight": true,
  "isDark": false,
  "lightModeContrast": 2.902388321126261,
  "darkModeContrast": 7.235420514595727,
  "luminosity": 0.3117710257297864,
  "shades": [
    "gray",
    "yellow"
  ],
  "group": "ganbaro"
}