{
  "name": "ganbaro-red-700",
  "hsl": {
    "h": 0.8000000000000114,
    "s": 73.52941176470588,
    "l": 40
  },
  "hex": "#B11D1B",
  "rgb": {
    "r": 177,
    "g": 29,
    "b": 27
  },
  "rgbChannels": "177 29 27",
  "isLight": false,
  "isDark": true,
  "lightModeContrast": 6.86051518762827,
  "darkModeContrast": 3.0609946083742803,
  "luminosity": 0.10304973041871403,
  "shades": [
    "red"
  ],
  "group": "ganbaro"
}