{
  "name": "ganbaro-red-a400",
  "hsl": {
    "h": 0.6030150753769021,
    "s": 83.9662447257384,
    "l": 53.529411764705884
  },
  "hex": "#EC2725",
  "rgb": {
    "r": 236,
    "g": 39,
    "b": 37
  },
  "rgbChannels": "236 39 37",
  "isLight": false,
  "isDark": true,
  "lightModeContrast": 4.3001986520747595,
  "darkModeContrast": 4.883495321749362,
  "luminosity": 0.19417476608746814,
  "shades": [
    "red"
  ],
  "group": "ganbaro"
}