{
  "name": "ganbaro-slate-50",
  "hsl": {
    "h": 206.08695652173913,
    "s": 23.71134020618557,
    "l": 80.98039215686275
  },
  "hex": "#C3D0DA",
  "rgb": {
    "r": 195,
    "g": 208,
    "b": 218
  },
  "rgbChannels": "195 208 218",
  "isLight": true,
  "isDark": false,
  "lightModeContrast": 1.5724257480016737,
  "darkModeContrast": 13.355161619992533,
  "luminosity": 0.6177580809996266,
  "shades": [
    "cyan"
  ],
  "group": "ganbaro"
}