{
  "name": "ganbaro-yellow-100",
  "hsl": {
    "h": 52.71428571428572,
    "s": 98.59154929577466,
    "l": 72.15686274509804
  },
  "hex": "#FEED72",
  "rgb": {
    "r": 254,
    "g": 237,
    "b": 114
  },
  "rgbChannels": "254 237 114",
  "isLight": true,
  "isDark": false,
  "lightModeContrast": 1.1951632199117337,
  "darkModeContrast": 17.570821834318924,
  "luminosity": 0.8285410917159463,
  "shades": [
    "yellow"
  ],
  "group": "ganbaro"
}