{
  "name": "ganbaro-orange-400",
  "hsl": {
    "h": 34.585152838427916,
    "s": 100,
    "l": 55.09803921568628
  },
  "hex": "#FF9E1A",
  "rgb": {
    "r": 255,
    "g": 158,
    "b": 26
  },
  "rgbChannels": "255 158 26",
  "isLight": true,
  "isDark": false,
  "lightModeContrast": 2.067405247855682,
  "darkModeContrast": 10.157660198348267,
  "luminosity": 0.45788300991741343,
  "shades": [
    "yellow"
  ],
  "group": "ganbaro"
}