{
  "name": "ganbaro-red-400",
  "hsl": {
    "h": 0.6217616580310619,
    "s": 78.13765182186233,
    "l": 51.5686274509804
  },
  "hex": "#E42523",
  "rgb": {
    "r": 228,
    "g": 37,
    "b": 35
  },
  "rgbChannels": "228 37 35",
  "isLight": false,
  "isDark": true,
  "lightModeContrast": 4.577464026538617,
  "darkModeContrast": 4.587693071589197,
  "luminosity": 0.17938465357945987,
  "shades": [
    "red"
  ],
  "group": "ganbaro"
}