{
  "name": "ganbaro-red-a700",
  "hsl": {
    "h": 0.36363636363637397,
    "s": 83.75634517766497,
    "l": 38.62745098039216
  },
  "hex": "#B51110",
  "rgb": {
    "r": 181,
    "g": 17,
    "b": 16
  },
  "rgbChannels": "181 17 16",
  "isLight": false,
  "isDark": true,
  "lightModeContrast": 6.879802884816232,
  "darkModeContrast": 3.052413034441311,
  "luminosity": 0.10262065172206557,
  "shades": [
    "red"
  ],
  "group": "ganbaro"
}