{
  "name": "ganbaro-slate-200",
  "hsl": {
    "h": 207,
    "s": 11.764705882352953,
    "l": 66.66666666666667
  },
  "hex": "#A0ABB4",
  "rgb": {
    "r": 160,
    "g": 171,
    "b": 180
  },
  "rgbChannels": "160 171 180",
  "isLight": true,
  "isDark": false,
  "lightModeContrast": 2.33880662898247,
  "darkModeContrast": 8.978938121590813,
  "luminosity": 0.3989469060795407,
  "shades": [
    "cyan"
  ],
  "group": "ganbaro"
}