{
  "name": "ganbaro-green-300",
  "hsl": {
    "h": 92.22222222222217,
    "s": 55.102040816326515,
    "l": 80.7843137254902
  },
  "hex": "#CCE9B3",
  "rgb": {
    "r": 204,
    "g": 233,
    "b": 179
  },
  "rgbChannels": "204 233 179",
  "isLight": true,
  "isDark": false,
  "lightModeContrast": 1.3229201555439356,
  "darkModeContrast": 15.873973884210404,
  "luminosity": 0.7436986942105202,
  "shades": [
    "green"
  ],
  "group": "ganbaro"
}