{
  "name": "go-green",
  "hsl": {
    "h": 155.78947368421052,
    "s": 100,
    "l": 33.52941176470588
  },
  "hex": "#00AB66",
  "rgb": {
    "r": 0,
    "g": 171,
    "b": 102
  },
  "rgbChannels": "0 171 102",
  "isLight": true,
  "isDark": false,
  "lightModeContrast": 2.9927209129324166,
  "darkModeContrast": 7.0170258473661535,
  "luminosity": 0.3008512923683077,
  "shades": [
    "cyan"
  ],
  "group": "misc"
}