{
  "name": "imprint-paleyellow",
  "hsl": {
    "h": 50.39999999999998,
    "s": 80.64516129032265,
    "l": 93.92156862745098
  },
  "hex": "#FCF8E3",
  "rgb": {
    "r": 252,
    "g": 248,
    "b": 227
  },
  "rgbChannels": "252 248 227",
  "isLight": true,
  "isDark": false,
  "lightModeContrast": 1.0673302253250145,
  "darkModeContrast": 19.67526029126108,
  "luminosity": 0.933763014563054,
  "shades": [
    "yellow"
  ],
  "group": "imprint"
}