{
  "name": "imprint-palered",
  "hsl": {
    "h": 342.85714285714266,
    "s": 36.84210526315793,
    "l": 96.27450980392156
  },
  "hex": "#F9F2F4",
  "rgb": {
    "r": 249,
    "g": 242,
    "b": 244
  },
  "rgbChannels": "249 242 244",
  "isLight": true,
  "isDark": false,
  "lightModeContrast": 1.1032233323161345,
  "darkModeContrast": 19.035130408194032,
  "luminosity": 0.9017565204097016,
  "shades": [
    "red"
  ],
  "group": "imprint"
}