{
  "name": "imprint-darkred",
  "hsl": {
    "h": 1.165048543689295,
    "s": 43.82978723404254,
    "l": 46.07843137254902
  },
  "hex": "#A94442",
  "rgb": {
    "r": 169,
    "g": 68,
    "b": 66
  },
  "rgbChannels": "169 68 66",
  "isLight": false,
  "isDark": true,
  "lightModeContrast": 5.8454762813720835,
  "darkModeContrast": 3.592521633681278,
  "luminosity": 0.1296260816840639,
  "shades": [
    "red"
  ],
  "group": "imprint"
}