{
  "name": "imprint-gray",
  "hsl": {
    "h": 0,
    "s": 0,
    "l": 65.88235294117646
  },
  "hex": "#A8A8A8",
  "rgb": {
    "r": 168,
    "g": 168,
    "b": 168
  },
  "rgbChannels": "168 168 168",
  "isLight": true,
  "isDark": false,
  "lightModeContrast": 2.377865589247898,
  "darkModeContrast": 8.831449554994464,
  "luminosity": 0.39157247774972326,
  "shades": [
    "gray",
    "red"
  ],
  "group": "imprint"
}