{
  "name": "imprint-lightred",
  "hsl": {
    "h": 0,
    "s": 43.478260869565176,
    "l": 90.98039215686275
  },
  "hex": "#F2DEDE",
  "rgb": {
    "r": 242,
    "g": 222,
    "b": 222
  },
  "rgbChannels": "242 222 222",
  "isLight": true,
  "isDark": false,
  "lightModeContrast": 1.2900257493127376,
  "darkModeContrast": 16.278744832177008,
  "luminosity": 0.7639372416088505,
  "shades": [
    "red"
  ],
  "group": "imprint"
}