{
  "name": "imprint-paleblue",
  "hsl": {
    "h": 200,
    "s": 37.499999999999936,
    "l": 96.86274509803921
  },
  "hex": "#F4F8FA",
  "rgb": {
    "r": 244,
    "g": 248,
    "b": 250
  },
  "rgbChannels": "244 248 250",
  "isLight": true,
  "isDark": false,
  "lightModeContrast": 1.0684844880523632,
  "darkModeContrast": 19.654005495464766,
  "luminosity": 0.9327002747732382,
  "shades": [
    "cyan"
  ],
  "group": "imprint"
}