{
  "name": "imprint-lightblue",
  "hsl": {
    "h": 200,
    "s": 49.51456310679611,
    "l": 40.3921568627451
  },
  "hex": "#34789A",
  "rgb": {
    "r": 52,
    "g": 120,
    "b": 154
  },
  "rgbChannels": "52 120 154",
  "isLight": false,
  "isDark": true,
  "lightModeContrast": 4.884606998511754,
  "darkModeContrast": 4.299219979498514,
  "luminosity": 0.1649609989749257,
  "shades": [
    "cyan"
  ],
  "group": "imprint"
}