{
  "name": "india-green",
  "hsl": {
    "h": 114.84375,
    "s": 88.88888888888889,
    "l": 28.235294117647058
  },
  "hex": "#138808",
  "rgb": {
    "r": 19,
    "g": 136,
    "b": 8
  },
  "rgbChannels": "19 136 8",
  "isLight": false,
  "isDark": true,
  "lightModeContrast": 4.612485814035217,
  "darkModeContrast": 4.552859530992946,
  "luminosity": 0.1776429765496473,
  "shades": [
    "green"
  ],
  "group": "misc"
}