{
  "name": "iscc-nbs-eggshell",
  "hsl": {
    "h": 46.15384615384613,
    "s": 46.428571428571416,
    "l": 89.01960784313725
  },
  "hex": "#F0EAD6",
  "rgb": {
    "r": 240,
    "g": 234,
    "b": 214
  },
  "rgbChannels": "240 234 214",
  "isLight": true,
  "isDark": false,
  "lightModeContrast": 1.2037703228121799,
  "darkModeContrast": 17.445188340364624,
  "luminosity": 0.8222594170182312,
  "shades": [
    "yellow"
  ],
  "group": "misc"
}