{
  "name": "iscc-nbs-charcoal",
  "hsl": {
    "h": 204,
    "s": 18.79699248120301,
    "l": 26.078431372549023
  },
  "hex": "#36454F",
  "rgb": {
    "r": 54,
    "g": 69,
    "b": 79
  },
  "rgbChannels": "54 69 79",
  "isLight": false,
  "isDark": true,
  "lightModeContrast": 9.900965214138433,
  "darkModeContrast": 2.1210053308754495,
  "luminosity": 0.05605026654377248,
  "shades": [
    "cyan"
  ],
  "group": "misc"
}