{
  "name": "iscc-nbs-pansypurple",
  "hsl": {
    "h": 328.75,
    "s": 66.66666666666666,
    "l": 28.235294117647058
  },
  "hex": "#78184A",
  "rgb": {
    "r": 120,
    "g": 24,
    "b": 74
  },
  "rgbChannels": "120 24 74",
  "isLight": false,
  "isDark": true,
  "lightModeContrast": 10.354263856564586,
  "darkModeContrast": 2.0281499767543623,
  "luminosity": 0.05140749883771812,
  "shades": [
    "magenta"
  ],
  "group": "misc"
}