{
  "name": "iscc-nbs-englishviolet",
  "hsl": {
    "h": 288.75,
    "s": 21.052631578947366,
    "l": 29.80392156862745
  },
  "hex": "#563C5C",
  "rgb": {
    "r": 86,
    "g": 60,
    "b": 92
  },
  "rgbChannels": "86 60 92",
  "isLight": false,
  "isDark": true,
  "lightModeContrast": 9.56035332072978,
  "darkModeContrast": 2.196571538257436,
  "luminosity": 0.05982857691287182,
  "shades": [
    "magenta"
  ],
  "group": "misc"
}