{
  "name": "iscc-nbs-liberty",
  "hsl": {
    "h": 235.6626506024096,
    "s": 33.067729083665334,
    "l": 49.21568627450981
  },
  "hex": "#545AA7",
  "rgb": {
    "r": 84,
    "g": 90,
    "b": 167
  },
  "rgbChannels": "84 90 167",
  "isLight": false,
  "isDark": true,
  "lightModeContrast": 6.181136609424295,
  "darkModeContrast": 3.397433405367806,
  "luminosity": 0.11987167026839031,
  "shades": [
    "blue"
  ],
  "group": "misc"
}