{
  "name": "iscc-nbs-pastelpink",
  "hsl": {
    "h": 1.0344827586206975,
    "s": 46.774193548387096,
    "l": 75.68627450980392
  },
  "hex": "#DEA5A4",
  "rgb": {
    "r": 222,
    "g": 165,
    "b": 164
  },
  "rgbChannels": "222 165 164",
  "isLight": true,
  "isDark": false,
  "lightModeContrast": 2.0949637731371378,
  "darkModeContrast": 10.02403968473078,
  "luminosity": 0.451201984236539,
  "shades": [
    "red"
  ],
  "group": "misc"
}