{
  "name": "iscc-nbs-davysgrey",
  "hsl": {
    "h": 0,
    "s": 0,
    "l": 33.33333333333333
  },
  "hex": "#555555",
  "rgb": {
    "r": 85,
    "g": 85,
    "b": 85
  },
  "rgbChannels": "85 85 85",
  "isLight": false,
  "isDark": true,
  "lightModeContrast": 7.455177810447527,
  "darkModeContrast": 2.816834223668153,
  "luminosity": 0.09084171118340767,
  "shades": [
    "gray",
    "red"
  ],
  "group": "misc"
}