{
  "name": "iscc-nbs-babypink",
  "hsl": {
    "h": 0,
    "s": 69.4444444444445,
    "l": 85.88235294117648
  },
  "hex": "#F4C2C2",
  "rgb": {
    "r": 244,
    "g": 194,
    "b": 194
  },
  "rgbChannels": "244 194 194",
  "isLight": true,
  "isDark": false,
  "lightModeContrast": 1.5739365336032942,
  "darkModeContrast": 13.342342306473828,
  "luminosity": 0.6171171153236914,
  "shades": [
    "red"
  ],
  "group": "misc"
}