{
  "name": "iscc-nbs-morningblue",
  "hsl": {
    "h": 152.72727272727275,
    "s": 10.679611650485427,
    "l": 59.6078431372549
  },
  "hex": "#8DA399",
  "rgb": {
    "r": 141,
    "g": 163,
    "b": 153
  },
  "rgbChannels": "141 163 153",
  "isLight": true,
  "isDark": false,
  "lightModeContrast": 2.6815119572496195,
  "darkModeContrast": 7.831402706680204,
  "luminosity": 0.3415701353340102,
  "shades": [
    "cyan"
  ],
  "group": "misc"
}