{
  "name": "iscc-nbs-ecru",
  "hsl": {
    "h": 45.45454545454544,
    "s": 35.1063829787234,
    "l": 63.13725490196078
  },
  "hex": "#C2B280",
  "rgb": {
    "r": 194,
    "g": 178,
    "b": 128
  },
  "rgbChannels": "194 178 128",
  "isLight": true,
  "isDark": false,
  "lightModeContrast": 2.10553181408585,
  "darkModeContrast": 9.973727235804072,
  "luminosity": 0.44868636179020366,
  "shades": [
    "yellow"
  ],
  "group": "misc"
}