{
  "name": "iscc-nbs-jet",
  "hsl": {
    "h": 0,
    "s": 0,
    "l": 20.392156862745097
  },
  "hex": "#343434",
  "rgb": {
    "r": 52,
    "g": 52,
    "b": 52
  },
  "rgbChannels": "52 52 52",
  "isLight": false,
  "isDark": true,
  "lightModeContrast": 12.449637244033978,
  "darkModeContrast": 1.6867961361736432,
  "luminosity": 0.03433980680868217,
  "shades": [
    "gray",
    "red"
  ],
  "group": "misc"
}