{
  "name": "iscc-nbs-lust",
  "hsl": {
    "h": 0,
    "s": 79.83870967741935,
    "l": 51.37254901960784
  },
  "hex": "#E62020",
  "rgb": {
    "r": 230,
    "g": 32,
    "b": 32
  },
  "rgbChannels": "230 32 32",
  "isLight": false,
  "isDark": true,
  "lightModeContrast": 4.573110489296645,
  "darkModeContrast": 4.5920604912456096,
  "luminosity": 0.17960302456228047,
  "shades": [
    "red"
  ],
  "group": "misc"
}