{
  "name": "iscc-nbs-ashgrey",
  "hsl": {
    "h": 135.0000000000001,
    "s": 8.450704225352123,
    "l": 72.15686274509804
  },
  "hex": "#B2BEB5",
  "rgb": {
    "r": 178,
    "g": 190,
    "b": 181
  },
  "rgbChannels": "178 190 181",
  "isLight": true,
  "isDark": false,
  "lightModeContrast": 1.9220882529573287,
  "darkModeContrast": 10.925616952129726,
  "luminosity": 0.49628084760648633,
  "shades": [
    "gray",
    "green"
  ],
  "group": "misc"
}