{
  "name": "iscc-nbs-artichoke",
  "hsl": {
    "h": 76,
    "s": 12.605042016806728,
    "l": 53.333333333333336
  },
  "hex": "#8F9779",
  "rgb": {
    "r": 143,
    "g": 151,
    "b": 121
  },
  "rgbChannels": "143 151 121",
  "isLight": true,
  "isDark": false,
  "lightModeContrast": 3.0564719731751797,
  "darkModeContrast": 6.870666632740099,
  "luminosity": 0.293533331637005,
  "shades": [
    "yellow"
  ],
  "group": "misc"
}