{
  "name": "iscc-nbs-darkpurple",
  "hsl": {
    "h": 291.1111111111111,
    "s": 35.064935064935064,
    "l": 15.098039215686274
  },
  "hex": "#301934",
  "rgb": {
    "r": 48,
    "g": 25,
    "b": 52
  },
  "rgbChannels": "48 25 52",
  "isLight": false,
  "isDark": true,
  "lightModeContrast": 15.977909294306517,
  "darkModeContrast": 1.3143146336099822,
  "luminosity": 0.015715731680499112,
  "shades": [
    "magenta"
  ],
  "group": "misc"
}