{
  "name": "iscc-nbs-russet",
  "hsl": {
    "h": 25.544554455445564,
    "s": 65.16129032258064,
    "l": 30.392156862745097
  },
  "hex": "#80461B",
  "rgb": {
    "r": 128,
    "g": 70,
    "b": 27
  },
  "rgbChannels": "128 70 27",
  "isLight": false,
  "isDark": true,
  "lightModeContrast": 7.474030993610855,
  "darkModeContrast": 2.809728781958727,
  "luminosity": 0.09048643909793636,
  "shades": [
    "red"
  ],
  "group": "misc"
}