{
  "name": "iscc-nbs-persianorange",
  "hsl": {
    "h": 26.046511627906966,
    "s": 62.926829268292686,
    "l": 59.80392156862745
  },
  "hex": "#D99058",
  "rgb": {
    "r": 217,
    "g": 144,
    "b": 88
  },
  "rgbChannels": "217 144 88",
  "isLight": true,
  "isDark": false,
  "lightModeContrast": 2.5988290112147387,
  "darkModeContrast": 8.080562403058686,
  "luminosity": 0.35402812015293433,
  "shades": [
    "red"
  ],
  "group": "misc"
}