{
  "name": "iscc-nbs-cadetgray",
  "hsl": {
    "h": 205.16129032258073,
    "s": 16.402116402116405,
    "l": 62.94117647058823
  },
  "hex": "#91A3B0",
  "rgb": {
    "r": 145,
    "g": 163,
    "b": 176
  },
  "rgbChannels": "145 163 176",
  "isLight": true,
  "isDark": false,
  "lightModeContrast": 2.6023132212274556,
  "darkModeContrast": 8.069743422390463,
  "luminosity": 0.3534871711195232,
  "shades": [
    "cyan"
  ],
  "group": "misc"
}