{
  "name": "iscc-nbs-rosequartz",
  "hsl": {
    "h": 303.33333333333326,
    "s": 9.574468085106377,
    "l": 63.13725490196078
  },
  "hex": "#AA98A9",
  "rgb": {
    "r": 170,
    "g": 152,
    "b": 169
  },
  "rgbChannels": "170 152 169",
  "isLight": true,
  "isDark": false,
  "lightModeContrast": 2.7015140959058037,
  "darkModeContrast": 7.773418629140563,
  "luminosity": 0.3386709314570282,
  "shades": [
    "gray",
    "magenta"
  ],
  "group": "misc"
}