{
  "name": "islamic-green",
  "hsl": {
    "h": 120,
    "s": 100,
    "l": 28.235294117647058
  },
  "hex": "#009000",
  "rgb": {
    "r": 0,
    "g": 144,
    "b": 0
  },
  "rgbChannels": "0 144 0",
  "isLight": false,
  "isDark": true,
  "lightModeContrast": 4.209004285177924,
  "darkModeContrast": 4.989303544772295,
  "luminosity": 0.1994651772386148,
  "shades": [
    "green"
  ],
  "group": "misc"
}