{
  "name": "jtc-kobicha",
  "hsl": {
    "h": 27.5,
    "s": 50.70422535211267,
    "l": 27.84313725490196
  },
  "hex": "#6B4423",
  "rgb": {
    "r": 107,
    "g": 68,
    "b": 35
  },
  "rgbChannels": "107 68 35",
  "isLight": false,
  "isDark": true,
  "lightModeContrast": 8.480467214431137,
  "darkModeContrast": 2.4762786611879686,
  "luminosity": 0.07381393305939844,
  "shades": [
    "red"
  ],
  "group": "misc"
}