{
  "name": "jtc-violet",
  "hsl": {
    "h": 307.31707317073165,
    "s": 29.078014184397162,
    "l": 27.647058823529413
  },
  "hex": "#5B3256",
  "rgb": {
    "r": 91,
    "g": 50,
    "b": 86
  },
  "rgbChannels": "91 50 86",
  "isLight": false,
  "isDark": true,
  "lightModeContrast": 10.317142627773741,
  "darkModeContrast": 2.035447289782349,
  "luminosity": 0.051772364489117435,
  "shades": [
    "magenta"
  ],
  "group": "misc"
}