{
  "name": "ksu-purple",
  "hsl": {
    "h": 265.625,
    "s": 54.54545454545454,
    "l": 34.509803921568626
  },
  "hex": "#512888",
  "rgb": {
    "r": 81,
    "g": 40,
    "b": 136
  },
  "rgbChannels": "81 40 136",
  "isLight": false,
  "isDark": true,
  "lightModeContrast": 10.4534949573347,
  "darkModeContrast": 2.0088975109004417,
  "luminosity": 0.0504448755450221,
  "shades": [
    "blue"
  ],
  "group": "misc"
}