{
  "name": "material-gray-700",
  "hsl": {
    "h": 0,
    "s": 0,
    "l": 38.03921568627451
  },
  "hex": "#616161",
  "rgb": {
    "r": 97,
    "g": 97,
    "b": 97
  },
  "rgbChannels": "97 97 97",
  "isLight": false,
  "isDark": true,
  "lightModeContrast": 6.193286162073998,
  "darkModeContrast": 3.3907685597669124,
  "luminosity": 0.1195384279883456,
  "shades": [
    "gray",
    "red"
  ],
  "group": "material-design"
}