{
  "name": "material-indigo-300",
  "hsl": {
    "h": 230.4878048780488,
    "s": 44.08602150537633,
    "l": 63.52941176470588
  },
  "hex": "#7986CB",
  "rgb": {
    "r": 121,
    "g": 134,
    "b": 203
  },
  "rgbChannels": "121 134 203",
  "isLight": true,
  "isDark": false,
  "lightModeContrast": 3.4508893394361975,
  "darkModeContrast": 6.085387833221843,
  "luminosity": 0.2542693916610922,
  "shades": [
    "blue"
  ],
  "group": "material-design"
}