{
  "name": "material-teal-900",
  "hsl": {
    "h": 169.87012987012986,
    "s": 100,
    "l": 15.098039215686274
  },
  "hex": "#004D40",
  "rgb": {
    "r": 0,
    "g": 77,
    "b": 64
  },
  "rgbChannels": "0 77 64",
  "isLight": false,
  "isDark": true,
  "lightModeContrast": 9.83337588062564,
  "darkModeContrast": 2.1355839800017784,
  "luminosity": 0.05677919900008893,
  "shades": [
    "cyan"
  ],
  "group": "material-design"
}