{
  "name": "material-lime-400",
  "hsl": {
    "h": 65.6521739130435,
    "s": 69.69696969696969,
    "l": 61.1764705882353
  },
  "hex": "#D4E157",
  "rgb": {
    "r": 212,
    "g": 225,
    "b": 87
  },
  "rgbChannels": "212 225 87",
  "isLight": true,
  "isDark": false,
  "lightModeContrast": 1.4278799098617008,
  "darkModeContrast": 14.707119173652345,
  "luminosity": 0.6853559586826172,
  "shades": [
    "yellow"
  ],
  "group": "material-design"
}