{
  "name": "material-purple-200",
  "hsl": {
    "h": 291.304347826087,
    "s": 46.938775510204096,
    "l": 71.17647058823529
  },
  "hex": "#CE93D8",
  "rgb": {
    "r": 206,
    "g": 147,
    "b": 216
  },
  "rgbChannels": "206 147 216",
  "isLight": true,
  "isDark": false,
  "lightModeContrast": 2.3892352610597687,
  "darkModeContrast": 8.78942326955498,
  "luminosity": 0.38947116347774907,
  "shades": [
    "magenta"
  ],
  "group": "material-design"
}