{
  "name": "material-lime-50",
  "hsl": {
    "h": 66,
    "s": 71.42857142857142,
    "l": 94.50980392156862
  },
  "hex": "#F9FBE7",
  "rgb": {
    "r": 249,
    "g": 251,
    "b": 231
  },
  "rgbChannels": "249 251 231",
  "isLight": true,
  "isDark": false,
  "lightModeContrast": 1.0510129748307069,
  "darkModeContrast": 19.980723837764803,
  "luminosity": 0.9490361918882401,
  "shades": [
    "yellow"
  ],
  "group": "material-design"
}