{
  "name": "material-bluegray-900",
  "hsl": {
    "h": 200,
    "s": 19.148936170212767,
    "l": 18.43137254901961
  },
  "hex": "#263238",
  "rgb": {
    "r": 38,
    "g": 50,
    "b": 56
  },
  "rgbChannels": "38 50 56",
  "isLight": false,
  "isDark": true,
  "lightModeContrast": 13.159878451602765,
  "darkModeContrast": 1.59575941960485,
  "luminosity": 0.029787970980242492,
  "shades": [
    "cyan"
  ],
  "group": "material-design"
}