{
  "name": "material-bluegray-200",
  "hsl": {
    "h": 200,
    "s": 15.328467153284677,
    "l": 73.13725490196079
  },
  "hex": "#B0BEC5",
  "rgb": {
    "r": 176,
    "g": 190,
    "b": 197
  },
  "rgbChannels": "176 190 197",
  "isLight": true,
  "isDark": false,
  "lightModeContrast": 1.9060331001815967,
  "darkModeContrast": 11.017647069192677,
  "luminosity": 0.5008823534596338,
  "shades": [
    "cyan"
  ],
  "group": "material-design"
}