{
  "name": "material-purple-100",
  "hsl": {
    "h": 291.219512195122,
    "s": 46.06741573033706,
    "l": 82.54901960784314
  },
  "hex": "#E1BEE7",
  "rgb": {
    "r": 225,
    "g": 190,
    "b": 231
  },
  "rgbChannels": "225 190 231",
  "isLight": true,
  "isDark": false,
  "lightModeContrast": 1.6508399663043891,
  "darkModeContrast": 12.720796944970454,
  "luminosity": 0.5860398472485226,
  "shades": [
    "magenta"
  ],
  "group": "material-design"
}