{
  "name": "material-deeppurple-900",
  "hsl": {
    "h": 251.09243697478996,
    "s": 68.78612716763006,
    "l": 33.921568627450974
  },
  "hex": "#311B92",
  "rgb": {
    "r": 49,
    "g": 27,
    "b": 146
  },
  "rgbChannels": "49 27 146",
  "isLight": false,
  "isDark": true,
  "lightModeContrast": 12.33529939744216,
  "darkModeContrast": 1.7024313170991656,
  "luminosity": 0.03512156585495828,
  "shades": [
    "blue"
  ],
  "group": "material-design"
}