{
  "name": "material-orange-100",
  "hsl": {
    "h": 35.844155844155864,
    "s": 100,
    "l": 84.90196078431373
  },
  "hex": "#FFE0B2",
  "rgb": {
    "r": 255,
    "g": 224,
    "b": 178
  },
  "rgbChannels": "255 224 178",
  "isLight": true,
  "isDark": false,
  "lightModeContrast": 1.2683355771468126,
  "darkModeContrast": 16.557132338147134,
  "luminosity": 0.7778566169073567,
  "shades": [
    "yellow"
  ],
  "group": "material-design"
}