{
  "name": "material-pink-50",
  "hsl": {
    "h": 340,
    "s": 80.00000000000006,
    "l": 94.11764705882352
  },
  "hex": "#FCE4EC",
  "rgb": {
    "r": 252,
    "g": 228,
    "b": 236
  },
  "rgbChannels": "252 228 236",
  "isLight": true,
  "isDark": false,
  "lightModeContrast": 1.2035986803733254,
  "darkModeContrast": 17.4476761585401,
  "luminosity": 0.8223838079270052,
  "shades": [
    "red"
  ],
  "group": "material-design"
}