{
  "name": "material-lightblue-a200",
  "hsl": {
    "h": 198.53403141361252,
    "s": 100,
    "l": 62.549019607843135
  },
  "hex": "#40C4FF",
  "rgb": {
    "r": 64,
    "g": 196,
    "b": 255
  },
  "rgbChannels": "64 196 255",
  "isLight": true,
  "isDark": false,
  "lightModeContrast": 1.989018943851961,
  "darkModeContrast": 10.55796882423408,
  "luminosity": 0.47789844121170405,
  "shades": [
    "cyan"
  ],
  "group": "material-design"
}