{
  "name": "material-green-50",
  "hsl": {
    "h": 124.61538461538458,
    "s": 39.39393939393946,
    "l": 93.52941176470588
  },
  "hex": "#E8F5E9",
  "rgb": {
    "r": 232,
    "g": 245,
    "b": 233
  },
  "rgbChannels": "232 245 233",
  "isLight": true,
  "isDark": false,
  "lightModeContrast": 1.1248736988711816,
  "darkModeContrast": 18.668762565142774,
  "luminosity": 0.8834381282571387,
  "shades": [
    "green"
  ],
  "group": "material-design"
}