{
  "name": "material-brown-100",
  "hsl": {
    "h": 16.000000000000057,
    "s": 15.789473684210535,
    "l": 81.37254901960785
  },
  "hex": "#D7CCC8",
  "rgb": {
    "r": 215,
    "g": 204,
    "b": 200
  },
  "rgbChannels": "215 204 200",
  "isLight": true,
  "isDark": false,
  "lightModeContrast": 1.5717872285712187,
  "darkModeContrast": 13.360586991847082,
  "luminosity": 0.6180293495923541,
  "shades": [
    "red"
  ],
  "group": "material-design"
}