{
  "name": "material-deeppurple-a200",
  "hsl": {
    "h": 255.8426966292135,
    "s": 100,
    "l": 65.09803921568627
  },
  "hex": "#7C4DFF",
  "rgb": {
    "r": 124,
    "g": 77,
    "b": 255
  },
  "rgbChannels": "124 77 255",
  "isLight": false,
  "isDark": true,
  "lightModeContrast": 4.813678468147579,
  "darkModeContrast": 4.362568073243437,
  "luminosity": 0.16812840366217183,
  "shades": [
    "blue"
  ],
  "group": "material-design"
}