{
  "name": "material-purple-700",
  "hsl": {
    "h": 282.13740458015263,
    "s": 67.87564766839378,
    "l": 37.84313725490196
  },
  "hex": "#7B1FA2",
  "rgb": {
    "r": 123,
    "g": 31,
    "b": 162
  },
  "rgbChannels": "123 31 162",
  "isLight": false,
  "isDark": true,
  "lightModeContrast": 8.20340592600534,
  "darkModeContrast": 2.5599123326847217,
  "luminosity": 0.0779956166342361,
  "shades": [
    "magenta"
  ],
  "group": "material-design"
}