{
  "name": "material-pink-a400",
  "hsl": {
    "h": 338.6938775510205,
    "s": 100,
    "l": 48.03921568627451
  },
  "hex": "#F50057",
  "rgb": {
    "r": 245,
    "g": 0,
    "b": 87
  },
  "rgbChannels": "245 0 87",
  "isLight": false,
  "isDark": true,
  "lightModeContrast": 4.183167395185417,
  "darkModeContrast": 5.020119449240732,
  "luminosity": 0.20100597246203658,
  "shades": [
    "red"
  ],
  "group": "material-design"
}