{
  "name": "material-lightblue-300",
  "hsl": {
    "h": 198.57142857142856,
    "s": 91.30434782608697,
    "l": 63.921568627450974
  },
  "hex": "#4FC3F7",
  "rgb": {
    "r": 79,
    "g": 195,
    "b": 247
  },
  "rgbChannels": "79 195 247",
  "isLight": true,
  "isDark": false,
  "lightModeContrast": 2.003515560654561,
  "darkModeContrast": 10.481575692448912,
  "luminosity": 0.4740787846224456,
  "shades": [
    "cyan"
  ],
  "group": "material-design"
}