{
  "name": "material-amber-a100",
  "hsl": {
    "h": 47.8125,
    "s": 100,
    "l": 74.90196078431373
  },
  "hex": "#FFE57F",
  "rgb": {
    "r": 255,
    "g": 229,
    "b": 127
  },
  "rgbChannels": "255 229 127",
  "isLight": true,
  "isDark": false,
  "lightModeContrast": 1.2525210128841822,
  "darkModeContrast": 16.766185783696567,
  "luminosity": 0.7883092891848283,
  "shades": [
    "yellow"
  ],
  "group": "material-design"
}