{
  "name": "material-pink-800",
  "hsl": {
    "h": 333.72549019607845,
    "s": 79.27461139896374,
    "l": 37.84313725490196
  },
  "hex": "#AD1457",
  "rgb": {
    "r": 173,
    "g": 20,
    "b": 87
  },
  "rgbChannels": "173 20 87",
  "isLight": false,
  "isDark": true,
  "lightModeContrast": 6.9662516447121305,
  "darkModeContrast": 3.014533650380038,
  "luminosity": 0.1007266825190019,
  "shades": [
    "red"
  ],
  "group": "material-design"
}