{
  "name": "material-lightgreen-100",
  "hsl": {
    "h": 87.56756756756755,
    "s": 50.68493150684933,
    "l": 85.68627450980392
  },
  "hex": "#DCEDC8",
  "rgb": {
    "r": 220,
    "g": 237,
    "b": 200
  },
  "rgbChannels": "220 237 200",
  "isLight": true,
  "isDark": false,
  "lightModeContrast": 1.2359608368250785,
  "darkModeContrast": 16.99082962365098,
  "luminosity": 0.7995414811825491,
  "shades": [
    "yellow"
  ],
  "group": "material-design"
}