{
  "name": "material-blue-700",
  "hsl": {
    "h": 209.8378378378378,
    "s": 78.72340425531915,
    "l": 46.07843137254902
  },
  "hex": "#1976D2",
  "rgb": {
    "r": 25,
    "g": 118,
    "b": 210
  },
  "rgbChannels": "25 118 210",
  "isLight": false,
  "isDark": true,
  "lightModeContrast": 4.601895875436464,
  "darkModeContrast": 4.5633366265611714,
  "luminosity": 0.1781668313280586,
  "shades": [
    "cyan"
  ],
  "group": "material-design"
}