{
  "name": "material-indigo-100",
  "hsl": {
    "h": 231.66666666666674,
    "s": 44.999999999999964,
    "l": 84.31372549019608
  },
  "hex": "#C5CAE9",
  "rgb": {
    "r": 197,
    "g": 202,
    "b": 233
  },
  "rgbChannels": "197 202 233",
  "isLight": true,
  "isDark": false,
  "lightModeContrast": 1.6155196122403304,
  "darkModeContrast": 12.998913687515152,
  "luminosity": 0.5999456843757576,
  "shades": [
    "blue"
  ],
  "group": "material-design"
}