{
  "name": "material-gray-100",
  "hsl": {
    "h": 0,
    "s": 0,
    "l": 96.07843137254902
  },
  "hex": "#F5F5F5",
  "rgb": {
    "r": 245,
    "g": 245,
    "b": 245
  },
  "rgbChannels": "245 245 245",
  "isLight": true,
  "isDark": false,
  "lightModeContrast": 1.090230993517392,
  "darkModeContrast": 19.261973035868383,
  "luminosity": 0.9130986517934191,
  "shades": [
    "gray",
    "red"
  ],
  "group": "material-design"
}