{
  "name": "material-deeppurple-a100",
  "hsl": {
    "h": 261.68067226890753,
    "s": 100,
    "l": 76.66666666666666
  },
  "hex": "#B388FF",
  "rgb": {
    "r": 179,
    "g": 136,
    "b": 255
  },
  "rgbChannels": "179 136 255",
  "isLight": true,
  "isDark": false,
  "lightModeContrast": 2.664161534142044,
  "darkModeContrast": 7.882404925857004,
  "luminosity": 0.3441202462928502,
  "shades": [
    "blue"
  ],
  "group": "material-design"
}