{
  "name": "material-blue-a200",
  "hsl": {
    "h": 217.54010695187162,
    "s": 100,
    "l": 63.33333333333333
  },
  "hex": "#448AFF",
  "rgb": {
    "r": 68,
    "g": 138,
    "b": 255
  },
  "rgbChannels": "68 138 255",
  "isLight": true,
  "isDark": false,
  "lightModeContrast": 3.320063489366134,
  "darkModeContrast": 6.325180246480563,
  "luminosity": 0.26625901232402815,
  "shades": [
    "blue"
  ],
  "group": "material-design"
}