{
  "name": "material-red-600",
  "hsl": {
    "h": 1.363636363636374,
    "s": 77.19298245614034,
    "l": 55.294117647058826
  },
  "hex": "#E53935",
  "rgb": {
    "r": 229,
    "g": 57,
    "b": 53
  },
  "rgbChannels": "229 57 53",
  "isLight": false,
  "isDark": true,
  "lightModeContrast": 4.226830257495532,
  "darkModeContrast": 4.968261964804532,
  "luminosity": 0.19841309824022663,
  "shades": [
    "red"
  ],
  "group": "material-design"
}