{
  "name": "material-lime-300",
  "hsl": {
    "h": 65.78947368421052,
    "s": 70.37037037037035,
    "l": 68.23529411764706
  },
  "hex": "#DCE775",
  "rgb": {
    "r": 220,
    "g": 231,
    "b": 117
  },
  "rgbChannels": "220 231 117",
  "isLight": true,
  "isDark": false,
  "lightModeContrast": 1.3349976132875576,
  "darkModeContrast": 15.730365201392022,
  "luminosity": 0.7365182600696011,
  "shades": [
    "yellow"
  ],
  "group": "material-design"
}