{
  "name": "material-blue-300",
  "hsl": {
    "h": 206.71232876712327,
    "s": 89.02439024390245,
    "l": 67.84313725490196
  },
  "hex": "#64B5F6",
  "rgb": {
    "r": 100,
    "g": 181,
    "b": 246
  },
  "rgbChannels": "100 181 246",
  "isLight": true,
  "isDark": false,
  "lightModeContrast": 2.2146809124732245,
  "darkModeContrast": 9.482178620733425,
  "luminosity": 0.42410893103667124,
  "shades": [
    "cyan"
  ],
  "group": "material-design"
}