{
  "name": "material-lime-a200",
  "hsl": {
    "h": 65.36842105263156,
    "s": 100,
    "l": 62.745098039215684
  },
  "hex": "#EEFF41",
  "rgb": {
    "r": 238,
    "g": 255,
    "b": 65
  },
  "rgbChannels": "238 255 65",
  "isLight": true,
  "isDark": false,
  "lightModeContrast": 1.1043471691061129,
  "darkModeContrast": 19.015759344045716,
  "luminosity": 0.9007879672022857,
  "shades": [
    "yellow"
  ],
  "group": "material-design"
}