{
  "name": "material-deeppurple-600",
  "hsl": {
    "h": 259.8387096774194,
    "s": 53.91304347826086,
    "l": 45.09803921568628
  },
  "hex": "#5E35B1",
  "rgb": {
    "r": 94,
    "g": 53,
    "b": 177
  },
  "rgbChannels": "94 53 177",
  "isLight": false,
  "isDark": true,
  "lightModeContrast": 8.015136087834883,
  "darkModeContrast": 2.6200428501611004,
  "luminosity": 0.08100214250805501,
  "shades": [
    "blue"
  ],
  "group": "material-design"
}