{
  "name": "material-cyan-a200",
  "hsl": {
    "h": 180,
    "s": 100,
    "l": 54.70588235294118
  },
  "hex": "#18FFFF",
  "rgb": {
    "r": 24,
    "g": 255,
    "b": 255
  },
  "rgbChannels": "24 255 255",
  "isLight": true,
  "isDark": false,
  "lightModeContrast": 1.2509800820130894,
  "darkModeContrast": 16.78683801760184,
  "luminosity": 0.7893419008800922,
  "shades": [
    "cyan"
  ],
  "group": "material-design"
}