{
  "name": "material-purple-50",
  "hsl": {
    "h": 292.4999999999999,
    "s": 44.4444444444445,
    "l": 92.94117647058823
  },
  "hex": "#F3E5F5",
  "rgb": {
    "r": 243,
    "g": 229,
    "b": 245
  },
  "rgbChannels": "243 229 245",
  "isLight": true,
  "isDark": false,
  "lightModeContrast": 1.2112699103931932,
  "darkModeContrast": 17.33717631372775,
  "luminosity": 0.8168588156863874,
  "shades": [
    "magenta"
  ],
  "group": "material-design"
}