{
  "name": "material-cyan-600",
  "hsl": {
    "h": 186.5284974093264,
    "s": 100,
    "l": 37.84313725490196
  },
  "hex": "#00ACC1",
  "rgb": {
    "r": 0,
    "g": 172,
    "b": 193
  },
  "rgbChannels": "0 172 193",
  "isLight": true,
  "isDark": false,
  "lightModeContrast": 2.7375614535688086,
  "darkModeContrast": 7.671060670664927,
  "luminosity": 0.3335530335332464,
  "shades": [
    "cyan"
  ],
  "group": "material-design"
}