{
  "name": "material-deeporange-300",
  "hsl": {
    "h": 14.41558441558442,
    "s": 100,
    "l": 69.80392156862744
  },
  "hex": "#FF8A65",
  "rgb": {
    "r": 255,
    "g": 138,
    "b": 101
  },
  "rgbChannels": "255 138 101",
  "isLight": true,
  "isDark": false,
  "lightModeContrast": 2.3139708914573998,
  "darkModeContrast": 9.075308629649031,
  "luminosity": 0.4037654314824516,
  "shades": [
    "red"
  ],
  "group": "material-design"
}