{
  "name": "material-teal-700",
  "hsl": {
    "h": 173.0578512396694,
    "s": 100,
    "l": 23.72549019607843
  },
  "hex": "#00796B",
  "rgb": {
    "r": 0,
    "g": 121,
    "b": 107
  },
  "rgbChannels": "0 121 107",
  "isLight": false,
  "isDark": true,
  "lightModeContrast": 5.320151190738652,
  "darkModeContrast": 3.947256242746807,
  "luminosity": 0.14736281213734037,
  "shades": [
    "cyan"
  ],
  "group": "material-design"
}