{
  "name": "material-amber-100",
  "hsl": {
    "h": 45,
    "s": 100,
    "l": 85.09803921568627
  },
  "hex": "#FFECB3",
  "rgb": {
    "r": 255,
    "g": 236,
    "b": 179
  },
  "rgbChannels": "255 236 179",
  "isLight": true,
  "isDark": false,
  "lightModeContrast": 1.173111235725621,
  "darkModeContrast": 17.901115734357937,
  "luminosity": 0.8450557867178969,
  "shades": [
    "yellow"
  ],
  "group": "material-design"
}