{
  "name": "material-lightgreen-a700",
  "hsl": {
    "h": 96.66666666666669,
    "s": 81.14754098360656,
    "l": 47.84313725490196
  },
  "hex": "#64DD17",
  "rgb": {
    "r": 100,
    "g": 221,
    "b": 23
  },
  "rgbChannels": "100 221 23",
  "isLight": true,
  "isDark": false,
  "lightModeContrast": 1.765177888739177,
  "darkModeContrast": 11.896817954704714,
  "luminosity": 0.5448408977352357,
  "shades": [
    "green"
  ],
  "group": "material-design"
}