{
  "name": "material-indigo-a100",
  "hsl": {
    "h": 230.60869565217388,
    "s": 100,
    "l": 77.45098039215686
  },
  "hex": "#8C9EFF",
  "rgb": {
    "r": 140,
    "g": 158,
    "b": 255
  },
  "rgbChannels": "140 158 255",
  "isLight": true,
  "isDark": false,
  "lightModeContrast": 2.4852560028682764,
  "darkModeContrast": 8.449833729709754,
  "luminosity": 0.3724916864854877,
  "shades": [
    "blue"
  ],
  "group": "material-design"
}