{
  "name": "material-lightgreen-700",
  "hsl": {
    "h": 92.0388349514563,
    "s": 47.906976744186046,
    "l": 42.15686274509804
  },
  "hex": "#689F38",
  "rgb": {
    "r": 104,
    "g": 159,
    "b": 56
  },
  "rgbChannels": "104 159 56",
  "isLight": true,
  "isDark": false,
  "lightModeContrast": 3.1794235878824617,
  "darkModeContrast": 6.60497081295993,
  "luminosity": 0.28024854064799654,
  "shades": [
    "green"
  ],
  "group": "material-design"
}