{
  "name": "material-orange-600",
  "hsl": {
    "h": 33.466135458167344,
    "s": 100,
    "l": 49.2156862745098
  },
  "hex": "#FB8C00",
  "rgb": {
    "r": 251,
    "g": 140,
    "b": 0
  },
  "rgbChannels": "251 140 0",
  "isLight": true,
  "isDark": false,
  "lightModeContrast": 2.372056006053307,
  "darkModeContrast": 8.853079331352038,
  "luminosity": 0.392653966567602,
  "shades": [
    "yellow"
  ],
  "group": "material-design"
}