{
  "name": "material-deeppurple-800",
  "hsl": {
    "h": 254.87603305785115,
    "s": 60.80402010050251,
    "l": 39.01960784313726
  },
  "hex": "#4527A0",
  "rgb": {
    "r": 69,
    "g": 39,
    "b": 160
  },
  "rgbChannels": "69 39 160",
  "isLight": false,
  "isDark": true,
  "lightModeContrast": 10.239594495219093,
  "darkModeContrast": 2.0508624643099864,
  "luminosity": 0.052543123215499324,
  "shades": [
    "blue"
  ],
  "group": "material-design"
}