{
  "name": "material-amber-a200",
  "hsl": {
    "h": 47.434554973822,
    "s": 100,
    "l": 62.549019607843135
  },
  "hex": "#FFD740",
  "rgb": {
    "r": 255,
    "g": 215,
    "b": 64
  },
  "rgbChannels": "255 215 64",
  "isLight": true,
  "isDark": false,
  "lightModeContrast": 1.3957004439640501,
  "darkModeContrast": 15.046208583523894,
  "luminosity": 0.7023104291761947,
  "shades": [
    "yellow"
  ],
  "group": "material-design"
}