{
  "name": "material-deeppurple-400",
  "hsl": {
    "h": 261.8691588785048,
    "s": 46.72489082969432,
    "l": 55.09803921568628
  },
  "hex": "#7E57C2",
  "rgb": {
    "r": 126,
    "g": 87,
    "b": 194
  },
  "rgbChannels": "126 87 194",
  "isLight": false,
  "isDark": true,
  "lightModeContrast": 5.211680653270704,
  "darkModeContrast": 4.02941035668043,
  "luminosity": 0.15147051783402146,
  "shades": [
    "blue"
  ],
  "group": "material-design"
}