{
  "name": "material-lime-200",
  "hsl": {
    "h": 65.85365853658539,
    "s": 70.68965517241381,
    "l": 77.25490196078432
  },
  "hex": "#E6EE9C",
  "rgb": {
    "r": 230,
    "g": 238,
    "b": 156
  },
  "rgbChannels": "230 238 156",
  "isLight": true,
  "isDark": false,
  "lightModeContrast": 1.229906178851061,
  "darkModeContrast": 17.074473127387268,
  "luminosity": 0.8037236563693634,
  "shades": [
    "yellow"
  ],
  "group": "material-design"
}