{
  "name": "material-teal-a400",
  "hsl": {
    "h": 165,
    "s": 82.25806451612901,
    "l": 51.37254901960784
  },
  "hex": "#1DE9B6",
  "rgb": {
    "r": 29,
    "g": 233,
    "b": 182
  },
  "rgbChannels": "29 233 182",
  "isLight": true,
  "isDark": false,
  "lightModeContrast": 1.5691212106082955,
  "darkModeContrast": 13.383287319058676,
  "luminosity": 0.6191643659529338,
  "shades": [
    "cyan"
  ],
  "group": "material-design"
}