{
  "name": "material-lime-800",
  "hsl": {
    "h": 59.50819672131149,
    "s": 62.88659793814434,
    "l": 38.03921568627451
  },
  "hex": "#9E9D24",
  "rgb": {
    "r": 158,
    "g": 157,
    "b": 36
  },
  "rgbChannels": "158 157 36",
  "isLight": true,
  "isDark": false,
  "lightModeContrast": 2.875891530948359,
  "darkModeContrast": 7.30208346664417,
  "luminosity": 0.3151041733322085,
  "shades": [
    "yellow"
  ],
  "group": "material-design"
}