{
  "name": "material-lightblue-a100",
  "hsl": {
    "h": 198.42519685039372,
    "s": 100,
    "l": 75.09803921568627
  },
  "hex": "#80D8FF",
  "rgb": {
    "r": 128,
    "g": 216,
    "b": 255
  },
  "rgbChannels": "128 216 255",
  "isLight": true,
  "isDark": false,
  "lightModeContrast": 1.5928173880369496,
  "darkModeContrast": 13.184185555559022,
  "luminosity": 0.6092092777779511,
  "shades": [
    "cyan"
  ],
  "group": "material-design"
}