{
  "name": "material-cyan-700",
  "hsl": {
    "h": 185.74850299401191,
    "s": 100,
    "l": 32.745098039215684
  },
  "hex": "#0097A7",
  "rgb": {
    "r": 0,
    "g": 151,
    "b": 167
  },
  "rgbChannels": "0 151 167",
  "isLight": false,
  "isDark": true,
  "lightModeContrast": 3.50897855538472,
  "darkModeContrast": 5.98464757437014,
  "luminosity": 0.249232378718507,
  "shades": [
    "cyan"
  ],
  "group": "material-design"
}