{
  "name": "material-green-400",
  "hsl": {
    "h": 122.8235294117647,
    "s": 38.46153846153846,
    "l": 56.666666666666664
  },
  "hex": "#66BB6A",
  "rgb": {
    "r": 102,
    "g": 187,
    "b": 106
  },
  "rgbChannels": "102 187 106",
  "isLight": true,
  "isDark": false,
  "lightModeContrast": 2.364543421025873,
  "darkModeContrast": 8.881207176516558,
  "luminosity": 0.39406035882582796,
  "shades": [
    "green"
  ],
  "group": "material-design"
}