{
  "name": "material-deeppurple-a700",
  "hsl": {
    "h": 265.1282051282051,
    "s": 100,
    "l": 45.88235294117647
  },
  "hex": "#6200EA",
  "rgb": {
    "r": 98,
    "g": 0,
    "b": 234
  },
  "rgbChannels": "98 0 234",
  "isLight": false,
  "isDark": true,
  "lightModeContrast": 7.756414059963255,
  "darkModeContrast": 2.707436688868501,
  "luminosity": 0.08537183444342503,
  "shades": [
    "blue"
  ],
  "group": "material-design"
}