{
  "name": "material-orange-500",
  "hsl": {
    "h": 35.76470588235293,
    "s": 100,
    "l": 50
  },
  "hex": "#FF9800",
  "rgb": {
    "r": 255,
    "g": 152,
    "b": 0
  },
  "rgbChannels": "255 152 0",
  "isLight": true,
  "isDark": false,
  "lightModeContrast": 2.155328454767478,
  "darkModeContrast": 9.743294556126264,
  "luminosity": 0.4371647278063132,
  "shades": [
    "yellow"
  ],
  "group": "material-design"
}