{
  "name": "material-teal-400",
  "hsl": {
    "h": 174.375,
    "s": 62.745098039215684,
    "l": 40
  },
  "hex": "#26A69A",
  "rgb": {
    "r": 38,
    "g": 166,
    "b": 154
  },
  "rgbChannels": "38 166 154",
  "isLight": true,
  "isDark": false,
  "lightModeContrast": 2.9984922466063684,
  "darkModeContrast": 7.0035198602789,
  "luminosity": 0.30017599301394504,
  "shades": [
    "cyan"
  ],
  "group": "material-design"
}