{
  "name": "material-amber-a700",
  "hsl": {
    "h": 40.23529411764707,
    "s": 100,
    "l": 50
  },
  "hex": "#FFAB00",
  "rgb": {
    "r": 255,
    "g": 171,
    "b": 0
  },
  "rgbChannels": "255 171 0",
  "isLight": true,
  "isDark": false,
  "lightModeContrast": 1.8957921013881953,
  "darkModeContrast": 11.077163991042442,
  "luminosity": 0.5038581995521221,
  "shades": [
    "orange",
    "yellow"
  ],
  "group": "material-design"
}