{
  "name": "material-gray-500",
  "hsl": {
    "h": 0,
    "s": 0,
    "l": 61.96078431372549
  },
  "hex": "#9E9E9E",
  "rgb": {
    "r": 158,
    "g": 158,
    "b": 158
  },
  "rgbChannels": "158 158 158",
  "isLight": true,
  "isDark": false,
  "lightModeContrast": 2.6791562985840893,
  "darkModeContrast": 7.838288498173218,
  "luminosity": 0.3419144249086609,
  "shades": [
    "gray",
    "red"
  ],
  "group": "material-design"
}