{
  "name": "material-orange-900",
  "hsl": {
    "h": 21.13043478260869,
    "s": 100,
    "l": 45.09803921568628
  },
  "hex": "#E65100",
  "rgb": {
    "r": 230,
    "g": 81,
    "b": 0
  },
  "rgbChannels": "230 81 0",
  "isLight": false,
  "isDark": true,
  "lightModeContrast": 3.7895393189773623,
  "darkModeContrast": 5.541570685079214,
  "luminosity": 0.22707853425396074,
  "shades": [
    "red"
  ],
  "group": "material-design"
}