{
  "name": "material-red-700",
  "hsl": {
    "h": 0,
    "s": 65.07936507936508,
    "l": 50.588235294117645
  },
  "hex": "#D32F2F",
  "rgb": {
    "r": 211,
    "g": 47,
    "b": 47
  },
  "rgbChannels": "211 47 47",
  "isLight": false,
  "isDark": true,
  "lightModeContrast": 4.979335708882375,
  "darkModeContrast": 4.217430040424711,
  "luminosity": 0.16087150202123554,
  "shades": [
    "red"
  ],
  "group": "material-design"
}