{
  "name": "material-cyan-400",
  "hsl": {
    "h": 186.66666666666663,
    "s": 70.86614173228347,
    "l": 50.19607843137255
  },
  "hex": "#26C6DA",
  "rgb": {
    "r": 38,
    "g": 198,
    "b": 218
  },
  "rgbChannels": "38 198 218",
  "isLight": true,
  "isDark": false,
  "lightModeContrast": 2.064401804508939,
  "darkModeContrast": 10.172438308343411,
  "luminosity": 0.45862191541717057,
  "shades": [
    "cyan"
  ],
  "group": "material-design"
}