{
  "name": "material-deeporange-a400",
  "hsl": {
    "h": 14.352941176470608,
    "s": 100,
    "l": 50
  },
  "hex": "#FF3D00",
  "rgb": {
    "r": 255,
    "g": 61,
    "b": 0
  },
  "rgbChannels": "255 61 0",
  "isLight": false,
  "isDark": true,
  "lightModeContrast": 3.5475984866333756,
  "darkModeContrast": 5.9194973949627325,
  "luminosity": 0.24597486974813665,
  "shades": [
    "red"
  ],
  "group": "material-design"
}