{
  "name": "material-purple-300",
  "hsl": {
    "h": 291.25,
    "s": 46.60194174757281,
    "l": 59.6078431372549
  },
  "hex": "#BA68C8",
  "rgb": {
    "r": 186,
    "g": 104,
    "b": 200
  },
  "rgbChannels": "186 104 200",
  "isLight": true,
  "isDark": false,
  "lightModeContrast": 3.558132392862812,
  "darkModeContrast": 5.901972630957602,
  "luminosity": 0.24509863154788014,
  "shades": [
    "magenta"
  ],
  "group": "material-design"
}