{
  "name": "material-deeporange-50",
  "hsl": {
    "h": 6,
    "s": 71.42857142857142,
    "l": 94.50980392156862
  },
  "hex": "#FBE9E7",
  "rgb": {
    "r": 251,
    "g": 233,
    "b": 231
  },
  "rgbChannels": "251 233 231",
  "isLight": true,
  "isDark": false,
  "lightModeContrast": 1.1724431868577831,
  "darkModeContrast": 17.91131564871918,
  "luminosity": 0.8455657824359591,
  "shades": [
    "red"
  ],
  "group": "material-design"
}