{
  "name": "material-red-800",
  "hsl": {
    "h": 0,
    "s": 66.38655462184873,
    "l": 46.666666666666664
  },
  "hex": "#C62828",
  "rgb": {
    "r": 198,
    "g": 40,
    "b": 40
  },
  "rgbChannels": "198 40 40",
  "isLight": false,
  "isDark": true,
  "lightModeContrast": 5.622022891421645,
  "darkModeContrast": 3.7353102976586627,
  "luminosity": 0.13676551488293315,
  "shades": [
    "red"
  ],
  "group": "material-design"
}