{
  "name": "material-gray-800",
  "hsl": {
    "h": 0,
    "s": 0,
    "l": 25.882352941176475
  },
  "hex": "#424242",
  "rgb": {
    "r": 66,
    "g": 66,
    "b": 66
  },
  "rgbChannels": "66 66 66",
  "isLight": false,
  "isDark": true,
  "lightModeContrast": 10.049743700462349,
  "darkModeContrast": 2.089605528848847,
  "luminosity": 0.05448027644244236,
  "shades": [
    "gray",
    "red"
  ],
  "group": "material-design"
}