{
  "name": "material-blue-200",
  "hsl": {
    "h": 206.8571428571429,
    "s": 89.74358974358975,
    "l": 77.05882352941175
  },
  "hex": "#90CAF9",
  "rgb": {
    "r": 144,
    "g": 202,
    "b": 249
  },
  "rgbChannels": "144 202 249",
  "isLight": true,
  "isDark": false,
  "lightModeContrast": 1.7497111594524568,
  "darkModeContrast": 12.001980947856332,
  "luminosity": 0.5500990473928166,
  "shades": [
    "cyan"
  ],
  "group": "material-design"
}