{
  "name": "material-lightblue-a400",
  "hsl": {
    "h": 198.58823529411757,
    "s": 100,
    "l": 50
  },
  "hex": "#00B0FF",
  "rgb": {
    "r": 0,
    "g": 176,
    "b": 255
  },
  "rgbChannels": "0 176 255",
  "isLight": true,
  "isDark": false,
  "lightModeContrast": 2.426586061863023,
  "darkModeContrast": 8.654133611843607,
  "luminosity": 0.3827066805921804,
  "shades": [
    "cyan"
  ],
  "group": "material-design"
}