{
  "name": "material-cyan-900",
  "hsl": {
    "h": 182.39999999999998,
    "s": 100,
    "l": 19.607843137254903
  },
  "hex": "#006064",
  "rgb": {
    "r": 0,
    "g": 96,
    "b": 100
  },
  "rgbChannels": "0 96 100",
  "isLight": false,
  "isDark": true,
  "lightModeContrast": 7.349934183115245,
  "darkModeContrast": 2.857168442166814,
  "luminosity": 0.0928584221083407,
  "shades": [
    "cyan"
  ],
  "group": "material-design"
}