{
  "name": "material-purple-600",
  "hsl": {
    "h": 287.46268656716416,
    "s": 65.04854368932037,
    "l": 40.3921568627451
  },
  "hex": "#8E24AA",
  "rgb": {
    "r": 142,
    "g": 36,
    "b": 170
  },
  "rgbChannels": "142 36 170",
  "isLight": false,
  "isDark": true,
  "lightModeContrast": 7.039979955900372,
  "darkModeContrast": 2.9829630384670924,
  "luminosity": 0.0991481519233546,
  "shades": [
    "magenta"
  ],
  "group": "material-design"
}