{
  "name": "material-orange-a700",
  "hsl": {
    "h": 25.64705882352939,
    "s": 100,
    "l": 50
  },
  "hex": "#FF6D00",
  "rgb": {
    "r": 255,
    "g": 109,
    "b": 0
  },
  "rgbChannels": "255 109 0",
  "isLight": true,
  "isDark": false,
  "lightModeContrast": 2.82278716461335,
  "darkModeContrast": 7.439455678152932,
  "luminosity": 0.3219727839076466,
  "shades": [
    "red"
  ],
  "group": "material-design"
}