{
  "name": "material-orange-50",
  "hsl": {
    "h": 36.774193548387075,
    "s": 100,
    "l": 93.92156862745098
  },
  "hex": "#FFF3E0",
  "rgb": {
    "r": 255,
    "g": 243,
    "b": 224
  },
  "rgbChannels": "255 243 224",
  "isLight": true,
  "isDark": false,
  "lightModeContrast": 1.096685890431764,
  "darkModeContrast": 19.148600509241824,
  "luminosity": 0.9074300254620913,
  "shades": [
    "yellow"
  ],
  "group": "material-design"
}