{
  "name": "material-orange-a400",
  "hsl": {
    "h": 34.117647058823536,
    "s": 100,
    "l": 50
  },
  "hex": "#FF9100",
  "rgb": {
    "r": 255,
    "g": 145,
    "b": 0
  },
  "rgbChannels": "255 145 0",
  "isLight": true,
  "isDark": false,
  "lightModeContrast": 2.2575402853901245,
  "darkModeContrast": 9.302159583110607,
  "luminosity": 0.4151079791555303,
  "shades": [
    "yellow"
  ],
  "group": "material-design"
}