{
  "name": "material-cyan-a100",
  "hsl": {
    "h": 180,
    "s": 100,
    "l": 75.88235294117646
  },
  "hex": "#84FFFF",
  "rgb": {
    "r": 132,
    "g": 255,
    "b": 255
  },
  "rgbChannels": "132 255 255",
  "isLight": true,
  "isDark": false,
  "lightModeContrast": 1.1844928439737636,
  "darkModeContrast": 17.729106686325533,
  "luminosity": 0.8364553343162766,
  "shades": [
    "cyan"
  ],
  "group": "material-design"
}