{
  "name": "material-gray-200",
  "hsl": {
    "h": 0,
    "s": 0,
    "l": 93.33333333333333
  },
  "hex": "#EEEEEE",
  "rgb": {
    "r": 238,
    "g": 238,
    "b": 238
  },
  "rgbChannels": "238 238 238",
  "isLight": true,
  "isDark": false,
  "lightModeContrast": 1.1602304710270739,
  "darkModeContrast": 18.099852162484677,
  "luminosity": 0.8549926081242338,
  "shades": [
    "gray",
    "red"
  ],
  "group": "material-design"
}