{
  "name": "material-yellow-700",
  "hsl": {
    "h": 42.81553398058253,
    "s": 96.26168224299066,
    "l": 58.0392156862745
  },
  "hex": "#FBC02D",
  "rgb": {
    "r": 251,
    "g": 192,
    "b": 45
  },
  "rgbChannels": "251 192 45",
  "isLight": true,
  "isDark": false,
  "lightModeContrast": 1.6562045789501225,
  "darkModeContrast": 12.679593008559378,
  "luminosity": 0.5839796504279688,
  "shades": [
    "orange",
    "yellow"
  ],
  "group": "material-design"
}