{
  "name": "material-lightblue-500",
  "hsl": {
    "h": 198.6721991701245,
    "s": 97.57085020242916,
    "l": 48.431372549019606
  },
  "hex": "#03A9F4",
  "rgb": {
    "r": 3,
    "g": 169,
    "b": 244
  },
  "rgbChannels": "3 169 244",
  "isLight": true,
  "isDark": false,
  "lightModeContrast": 2.6298028924126955,
  "darkModeContrast": 7.985389346322334,
  "luminosity": 0.34926946731611674,
  "shades": [
    "cyan"
  ],
  "group": "material-design"
}