{
  "name": "material-yellow-500",
  "hsl": {
    "h": 53.87755102040819,
    "s": 100,
    "l": 61.568627450980394
  },
  "hex": "#FFEB3B",
  "rgb": {
    "r": 255,
    "g": 235,
    "b": 59
  },
  "rgbChannels": "255 235 59",
  "isLight": true,
  "isDark": false,
  "lightModeContrast": 1.221037733598236,
  "darkModeContrast": 17.19848569963173,
  "luminosity": 0.8099242849815864,
  "shades": [
    "yellow"
  ],
  "group": "material-design"
}