{
  "name": "material-blue-50",
  "hsl": {
    "h": 205.38461538461547,
    "s": 86.66666666666671,
    "l": 94.11764705882352
  },
  "hex": "#E3F2FD",
  "rgb": {
    "r": 227,
    "g": 242,
    "b": 253
  },
  "rgbChannels": "227 242 253",
  "isLight": true,
  "isDark": false,
  "lightModeContrast": 1.1422106205056346,
  "darkModeContrast": 18.385400750961065,
  "luminosity": 0.8692700375480533,
  "shades": [
    "cyan"
  ],
  "group": "material-design"
}