{
  "name": "material-blue-100",
  "hsl": {
    "h": 207.1875,
    "s": 88.88888888888889,
    "l": 85.88235294117646
  },
  "hex": "#BBDEFB",
  "rgb": {
    "r": 187,
    "g": 222,
    "b": 251
  },
  "rgbChannels": "187 222 251",
  "isLight": true,
  "isDark": false,
  "lightModeContrast": 1.404261797573563,
  "darkModeContrast": 14.954476463210845,
  "luminosity": 0.6977238231605423,
  "shades": [
    "cyan"
  ],
  "group": "material-design"
}