{
  "name": "material-lime-a100",
  "hsl": {
    "h": 65.23809523809524,
    "s": 100,
    "l": 75.29411764705883
  },
  "hex": "#F4FF81",
  "rgb": {
    "r": 244,
    "g": 255,
    "b": 129
  },
  "rgbChannels": "244 255 129",
  "isLight": true,
  "isDark": false,
  "lightModeContrast": 1.0787145648089775,
  "darkModeContrast": 19.46761514592023,
  "luminosity": 0.9233807572960115,
  "shades": [
    "yellow"
  ],
  "group": "material-design"
}