{
  "name": "material-deeppurple-700",
  "hsl": {
    "h": 257.56097560975604,
    "s": 57.746478873239425,
    "l": 41.76470588235294
  },
  "hex": "#512DA8",
  "rgb": {
    "r": 81,
    "g": 45,
    "b": 168
  },
  "rgbChannels": "81 45 168",
  "isLight": false,
  "isDark": true,
  "lightModeContrast": 9.16769882139696,
  "darkModeContrast": 2.290651166570506,
  "luminosity": 0.0645325583285253,
  "shades": [
    "blue"
  ],
  "group": "material-design"
}