{
  "name": "material-indigo-a700",
  "hsl": {
    "h": 230.97087378640776,
    "s": 99.03846153846155,
    "l": 59.21568627450981
  },
  "hex": "#304FFE",
  "rgb": {
    "r": 48,
    "g": 79,
    "b": 254
  },
  "rgbChannels": "48 79 254",
  "isLight": false,
  "isDark": true,
  "lightModeContrast": 5.713943702083331,
  "darkModeContrast": 3.675219969763318,
  "luminosity": 0.13376099848816592,
  "shades": [
    "blue"
  ],
  "group": "material-design"
}