{
  "name": "material-blue-800",
  "hsl": {
    "h": 211.9298245614035,
    "s": 80.28169014084506,
    "l": 41.76470588235294
  },
  "hex": "#1565C0",
  "rgb": {
    "r": 21,
    "g": 101,
    "b": 192
  },
  "rgbChannels": "21 101 192",
  "isLight": false,
  "isDark": true,
  "lightModeContrast": 5.74632080646379,
  "darkModeContrast": 3.654512288345962,
  "luminosity": 0.13272561441729813,
  "shades": [
    "blue"
  ],
  "group": "material-design"
}