{
  "name": "material-pink-900",
  "hsl": {
    "h": 328.03278688524597,
    "s": 81.33333333333333,
    "l": 29.411764705882355
  },
  "hex": "#880E4F",
  "rgb": {
    "r": 136,
    "g": 14,
    "b": 79
  },
  "rgbChannels": "136 14 79",
  "isLight": false,
  "isDark": true,
  "lightModeContrast": 9.448538884389073,
  "darkModeContrast": 2.2225658651515223,
  "luminosity": 0.06112829325757612,
  "shades": [
    "magenta"
  ],
  "group": "material-design"
}