{
  "name": "material-red-a400",
  "hsl": {
    "h": 348.3620689655172,
    "s": 100,
    "l": 54.509803921568626
  },
  "hex": "#FF1744",
  "rgb": {
    "r": 255,
    "g": 23,
    "b": 68
  },
  "rgbChannels": "255 23 68",
  "isLight": false,
  "isDark": true,
  "lightModeContrast": 3.8475424072704487,
  "darkModeContrast": 5.458029510036765,
  "luminosity": 0.22290147550183823,
  "shades": [
    "red",
    "pink"
  ],
  "group": "material-design"
}