{
  "name": "material-amber-300",
  "hsl": {
    "h": 45.68181818181819,
    "s": 100,
    "l": 65.49019607843137
  },
  "hex": "#FFD54F",
  "rgb": {
    "r": 255,
    "g": 213,
    "b": 79
  },
  "rgbChannels": "255 213 79",
  "isLight": true,
  "isDark": false,
  "lightModeContrast": 1.4110435273014943,
  "darkModeContrast": 14.882602551716309,
  "luminosity": 0.6941301275858154,
  "shades": [
    "yellow"
  ],
  "group": "material-design"
}