{
  "name": "material-lime-a400",
  "hsl": {
    "h": 73.41176470588238,
    "s": 100,
    "l": 50
  },
  "hex": "#C6FF00",
  "rgb": {
    "r": 198,
    "g": 255,
    "b": 0
  },
  "rgbChannels": "198 255 0",
  "isLight": true,
  "isDark": false,
  "lightModeContrast": 1.1860953484995045,
  "darkModeContrast": 17.705153322257356,
  "luminosity": 0.8352576661128679,
  "shades": [
    "yellow"
  ],
  "group": "material-design"
}