{
  "name": "material-blue-a100",
  "hsl": {
    "h": 217.44000000000005,
    "s": 100,
    "l": 75.49019607843137
  },
  "hex": "#82B1FF",
  "rgb": {
    "r": 130,
    "g": 177,
    "b": 255
  },
  "rgbChannels": "130 177 255",
  "isLight": true,
  "isDark": false,
  "lightModeContrast": 2.1689685386025306,
  "darkModeContrast": 9.682021489131571,
  "luminosity": 0.4341010744565786,
  "shades": [
    "blue"
  ],
  "group": "material-design"
}