{
  "name": "material-green-a400",
  "hsl": {
    "h": 150.7826086956522,
    "s": 100,
    "l": 45.09803921568628
  },
  "hex": "#00E676",
  "rgb": {
    "r": 0,
    "g": 230,
    "b": 118
  },
  "rgbChannels": "0 230 118",
  "isLight": true,
  "isDark": false,
  "lightModeContrast": 1.6692729970281317,
  "darkModeContrast": 12.580326907214742,
  "luminosity": 0.5790163453607371,
  "shades": [],
  "group": "material-design"
}