{
  "name": "material-lightblue-700",
  "hsl": {
    "h": 201.159420289855,
    "s": 98.10426540284361,
    "l": 41.37254901960784
  },
  "hex": "#0288D1",
  "rgb": {
    "r": 2,
    "g": 136,
    "b": 209
  },
  "rgbChannels": "2 136 209",
  "isLight": false,
  "isDark": true,
  "lightModeContrast": 3.856795453482493,
  "darkModeContrast": 5.444934856744361,
  "luminosity": 0.22224674283721804,
  "shades": [
    "cyan"
  ],
  "group": "material-design"
}