{
  "name": "material-yellow-a700",
  "hsl": {
    "h": 50.35294117647061,
    "s": 100,
    "l": 50
  },
  "hex": "#FFD600",
  "rgb": {
    "r": 255,
    "g": 214,
    "b": 0
  },
  "rgbChannels": "255 214 0",
  "isLight": true,
  "isDark": false,
  "lightModeContrast": 1.4121798708983533,
  "darkModeContrast": 14.870626917122761,
  "luminosity": 0.6935313458561381,
  "shades": [
    "yellow"
  ],
  "group": "material-design"
}