{
  "name": "material-red-300",
  "hsl": {
    "h": 0,
    "s": 68.67469879518072,
    "l": 67.45098039215686
  },
  "hex": "#E57373",
  "rgb": {
    "r": 229,
    "g": 115,
    "b": 115
  },
  "rgbChannels": "229 115 115",
  "isLight": true,
  "isDark": false,
  "lightModeContrast": 2.986578680663462,
  "darkModeContrast": 7.031457143909865,
  "luminosity": 0.30157285719549326,
  "shades": [
    "red"
  ],
  "group": "material-design"
}