{
  "name": "material-blue-a700",
  "hsl": {
    "h": 224.01869158878503,
    "s": 100,
    "l": 58.03921568627452
  },
  "hex": "#2962FF",
  "rgb": {
    "r": 41,
    "g": 98,
    "b": 255
  },
  "rgbChannels": "41 98 255",
  "isLight": false,
  "isDark": true,
  "lightModeContrast": 4.900409267024044,
  "darkModeContrast": 4.285356356113708,
  "luminosity": 0.1642678178056854,
  "shades": [
    "blue"
  ],
  "group": "material-design"
}