{
  "name": "material-amber-500",
  "hsl": {
    "h": 45,
    "s": 100,
    "l": 51.37254901960784
  },
  "hex": "#FFC107",
  "rgb": {
    "r": 255,
    "g": 193,
    "b": 7
  },
  "rgbChannels": "255 193 7",
  "isLight": true,
  "isDark": false,
  "lightModeContrast": 1.6300483126171652,
  "darkModeContrast": 12.883053733715979,
  "luminosity": 0.5941526866857989,
  "shades": [
    "yellow"
  ],
  "group": "material-design"
}