{
  "name": "material-lightblue-800",
  "hsl": {
    "h": 202.45989304812838,
    "s": 97.90575916230367,
    "l": 37.450980392156865
  },
  "hex": "#0277BD",
  "rgb": {
    "r": 2,
    "g": 119,
    "b": 189
  },
  "rgbChannels": "2 119 189",
  "isLight": false,
  "isDark": true,
  "lightModeContrast": 4.79875381341344,
  "darkModeContrast": 4.3761361421169305,
  "luminosity": 0.16880680710584656,
  "shades": [
    "cyan"
  ],
  "group": "material-design"
}