{
  "name": "material-teal-a200",
  "hsl": {
    "h": 165.67741935483878,
    "s": 100,
    "l": 69.6078431372549
  },
  "hex": "#64FFDA",
  "rgb": {
    "r": 100,
    "g": 255,
    "b": 218
  },
  "rgbChannels": "100 255 218",
  "isLight": true,
  "isDark": false,
  "lightModeContrast": 1.2456804437060298,
  "darkModeContrast": 16.858256149163584,
  "luminosity": 0.7929128074581793,
  "shades": [
    "cyan"
  ],
  "group": "material-design"
}