{
  "name": "material-green-700",
  "hsl": {
    "h": 122.7906976744186,
    "s": 43.43434343434344,
    "l": 38.82352941176471
  },
  "hex": "#388E3C",
  "rgb": {
    "r": 56,
    "g": 142,
    "b": 60
  },
  "rgbChannels": "56 142 60",
  "isLight": false,
  "isDark": true,
  "lightModeContrast": 4.115549037317528,
  "darkModeContrast": 5.102599874180476,
  "luminosity": 0.20512999370902382,
  "shades": [
    "green"
  ],
  "group": "material-design"
}