{
  "name": "material-green-a700",
  "hsl": {
    "h": 144.89999999999998,
    "s": 100,
    "l": 39.21568627450981
  },
  "hex": "#00C853",
  "rgb": {
    "r": 0,
    "g": 200,
    "b": 83
  },
  "rgbChannels": "0 200 83",
  "isLight": true,
  "isDark": false,
  "lightModeContrast": 2.2372276782702585,
  "darkModeContrast": 9.3866172870865,
  "luminosity": 0.419330864354325,
  "shades": [
    "green"
  ],
  "group": "material-design"
}