{
  "name": "material-indigo-500",
  "hsl": {
    "h": 230.84745762711862,
    "s": 48.36065573770492,
    "l": 47.84313725490196
  },
  "hex": "#3F51B5",
  "rgb": {
    "r": 63,
    "g": 81,
    "b": 181
  },
  "rgbChannels": "63 81 181",
  "isLight": false,
  "isDark": true,
  "lightModeContrast": 6.872709743655375,
  "darkModeContrast": 3.055563348850343,
  "luminosity": 0.10277816744251717,
  "shades": [
    "blue"
  ],
  "group": "material-design"
}