{
  "name": "material-green-600",
  "hsl": {
    "h": 122.5806451612903,
    "s": 40.969162995594715,
    "l": 44.509803921568626
  },
  "hex": "#43A047",
  "rgb": {
    "r": 67,
    "g": 160,
    "b": 71
  },
  "rgbChannels": "67 160 71",
  "isLight": true,
  "isDark": false,
  "lightModeContrast": 3.3029425352224924,
  "darkModeContrast": 6.357967108436357,
  "luminosity": 0.2678983554218179,
  "shades": [
    "green"
  ],
  "group": "material-design"
}