{
  "name": "material-lime-500",
  "hsl": {
    "h": 65.52147239263803,
    "s": 69.95708154506438,
    "l": 54.313725490196084
  },
  "hex": "#CDDC39",
  "rgb": {
    "r": 205,
    "g": 220,
    "b": 57
  },
  "rgbChannels": "205 220 57",
  "isLight": true,
  "isDark": false,
  "lightModeContrast": 1.5116408718125027,
  "darkModeContrast": 13.892188542653235,
  "luminosity": 0.6446094271326618,
  "shades": [
    "yellow"
  ],
  "group": "material-design"
}