{
  "name": "material-blue-400",
  "hsl": {
    "h": 206.81564245810057,
    "s": 89.9497487437186,
    "l": 60.98039215686275
  },
  "hex": "#42A5F5",
  "rgb": {
    "r": 66,
    "g": 165,
    "b": 245
  },
  "rgbChannels": "66 165 245",
  "isLight": true,
  "isDark": false,
  "lightModeContrast": 2.6474310225581896,
  "darkModeContrast": 7.932217995884887,
  "luminosity": 0.34661089979424436,
  "shades": [
    "cyan"
  ],
  "group": "material-design"
}