{
  "name": "material-pink-500",
  "hsl": {
    "h": 339.60591133004925,
    "s": 82.18623481781376,
    "l": 51.56862745098039
  },
  "hex": "#E91E63",
  "rgb": {
    "r": 233,
    "g": 30,
    "b": 99
  },
  "rgbChannels": "233 30 99",
  "isLight": false,
  "isDark": true,
  "lightModeContrast": 4.347279370003765,
  "darkModeContrast": 4.830607424243318,
  "luminosity": 0.1915303712121659,
  "shades": [
    "red"
  ],
  "group": "material-design"
}