{
  "name": "material-yellow-900",
  "hsl": {
    "h": 28.108108108108127,
    "s": 91.73553719008267,
    "l": 52.54901960784314
  },
  "hex": "#F57F17",
  "rgb": {
    "r": 245,
    "g": 127,
    "b": 23
  },
  "rgbChannels": "245 127 23",
  "isLight": true,
  "isDark": false,
  "lightModeContrast": 2.6479656088263503,
  "darkModeContrast": 7.930616594868756,
  "luminosity": 0.3465308297434378,
  "shades": [
    "red"
  ],
  "group": "material-design"
}