{
  "name": "material-lightgreen-500",
  "hsl": {
    "h": 87.76859504132233,
    "s": 50.207468879668035,
    "l": 52.74509803921569
  },
  "hex": "#8BC34A",
  "rgb": {
    "r": 139,
    "g": 195,
    "b": 74
  },
  "rgbChannels": "139 195 74",
  "isLight": true,
  "isDark": false,
  "lightModeContrast": 2.0994292358749607,
  "darkModeContrast": 10.002718663317086,
  "luminosity": 0.4501359331658544,
  "shades": [
    "yellow"
  ],
  "group": "material-design"
}