{
  "name": "material-red-a200",
  "hsl": {
    "h": 0,
    "s": 100,
    "l": 66.07843137254902
  },
  "hex": "#FF5252",
  "rgb": {
    "r": 255,
    "g": 82,
    "b": 82
  },
  "rgbChannels": "255 82 82",
  "isLight": false,
  "isDark": true,
  "lightModeContrast": 3.1911224411104766,
  "darkModeContrast": 6.580756579397256,
  "luminosity": 0.2790378289698628,
  "shades": [
    "red"
  ],
  "group": "material-design"
}