{
  "name": "material-indigo-700",
  "hsl": {
    "h": 231.89189189189187,
    "s": 53.62318840579711,
    "l": 40.588235294117645
  },
  "hex": "#303F9F",
  "rgb": {
    "r": 48,
    "g": 63,
    "b": 159
  },
  "rgbChannels": "48 63 159",
  "isLight": false,
  "isDark": true,
  "lightModeContrast": 8.984652786112184,
  "darkModeContrast": 2.337319037243182,
  "luminosity": 0.06686595186215909,
  "shades": [
    "blue"
  ],
  "group": "material-design"
}