{
  "name": "material-pink-400",
  "hsl": {
    "h": 339.76744186046517,
    "s": 81.90476190476191,
    "l": 58.82352941176471
  },
  "hex": "#EC407A",
  "rgb": {
    "r": 236,
    "g": 64,
    "b": 122
  },
  "rgbChannels": "236 64 122",
  "isLight": false,
  "isDark": true,
  "lightModeContrast": 3.7627935803758197,
  "darkModeContrast": 5.580959877661576,
  "luminosity": 0.22904799388307884,
  "shades": [
    "red"
  ],
  "group": "material-design"
}