{
  "name": "material-yellow-100",
  "hsl": {
    "h": 53.89830508474574,
    "s": 100,
    "l": 88.4313725490196
  },
  "hex": "#FFF9C4",
  "rgb": {
    "r": 255,
    "g": 249,
    "b": 196
  },
  "rgbChannels": "255 249 196",
  "isLight": true,
  "isDark": false,
  "lightModeContrast": 1.0714626196015458,
  "darkModeContrast": 19.599377165215017,
  "luminosity": 0.9299688582607509,
  "shades": [
    "yellow"
  ],
  "group": "material-design"
}