{
  "name": "material-blue-900",
  "hsl": {
    "h": 216.48648648648646,
    "s": 85.0574712643678,
    "l": 34.11764705882353
  },
  "hex": "#0D47A1",
  "rgb": {
    "r": 13,
    "g": 71,
    "b": 161
  },
  "rgbChannels": "13 71 161",
  "isLight": false,
  "isDark": true,
  "lightModeContrast": 8.631141281945503,
  "darkModeContrast": 2.433050197420299,
  "luminosity": 0.07165250987101496,
  "shades": [
    "blue"
  ],
  "group": "material-design"
}