{
  "name": "material-bluegray-500",
  "hsl": {
    "h": 199.53488372093022,
    "s": 18.297872340425528,
    "l": 46.07843137254902
  },
  "hex": "#607D8B",
  "rgb": {
    "r": 96,
    "g": 125,
    "b": 139
  },
  "rgbChannels": "96 125 139",
  "isLight": false,
  "isDark": true,
  "lightModeContrast": 4.371701583710546,
  "darkModeContrast": 4.803621564255065,
  "luminosity": 0.19018107821275326,
  "shades": [
    "cyan"
  ],
  "group": "material-design"
}