{
  "name": "material-indigo-600",
  "hsl": {
    "h": 231.57894736842104,
    "s": 50,
    "l": 44.705882352941174
  },
  "hex": "#3949AB",
  "rgb": {
    "r": 57,
    "g": 73,
    "b": 171
  },
  "rgbChannels": "57 73 171",
  "isLight": false,
  "isDark": true,
  "lightModeContrast": 7.7346821068806415,
  "darkModeContrast": 2.7150437095945748,
  "luminosity": 0.08575218547972875,
  "shades": [
    "blue"
  ],
  "group": "material-design"
}