{
  "name": "material-pink-600",
  "hsl": {
    "h": 338.0952380952381,
    "s": 77.77777777777779,
    "l": 47.647058823529406
  },
  "hex": "#D81B60",
  "rgb": {
    "r": 216,
    "g": 27,
    "b": 96
  },
  "rgbChannels": "216 27 96",
  "isLight": false,
  "isDark": true,
  "lightModeContrast": 4.946454888014602,
  "darkModeContrast": 4.24546477738705,
  "luminosity": 0.16227323886935252,
  "shades": [
    "red"
  ],
  "group": "material-design"
}