{
  "name": "material-deeporange-800",
  "hsl": {
    "h": 14.153846153846132,
    "s": 82.27848101265822,
    "l": 46.470588235294116
  },
  "hex": "#D84315",
  "rgb": {
    "r": 216,
    "g": 67,
    "b": 21
  },
  "rgbChannels": "216 67 21",
  "isLight": false,
  "isDark": true,
  "lightModeContrast": 4.436485556098381,
  "darkModeContrast": 4.73347647241485,
  "luminosity": 0.18667382362074253,
  "shades": [
    "red"
  ],
  "group": "material-design"
}