{
  "name": "material-deeppurple-100",
  "hsl": {
    "h": 261.08108108108104,
    "s": 45.67901234567898,
    "l": 84.11764705882354
  },
  "hex": "#D1C4E9",
  "rgb": {
    "r": 209,
    "g": 196,
    "b": 233
  },
  "rgbChannels": "209 196 233",
  "isLight": true,
  "isDark": false,
  "lightModeContrast": 1.6427205665563223,
  "darkModeContrast": 12.783671445730326,
  "luminosity": 0.5891835722865163,
  "shades": [
    "blue"
  ],
  "group": "material-design"
}