{
  "name": "material-orange-a200",
  "hsl": {
    "h": 33.61256544502618,
    "s": 100,
    "l": 62.549019607843135
  },
  "hex": "#FFAB40",
  "rgb": {
    "r": 255,
    "g": 171,
    "b": 64
  },
  "rgbChannels": "255 171 64",
  "isLight": true,
  "isDark": false,
  "lightModeContrast": 1.8832058865535164,
  "darkModeContrast": 11.15119708893456,
  "luminosity": 0.507559854446728,
  "shades": [
    "yellow"
  ],
  "group": "material-design"
}