{
  "name": "material-red-200",
  "hsl": {
    "h": 0,
    "s": 72.64957264957265,
    "l": 77.05882352941175
  },
  "hex": "#EF9A9A",
  "rgb": {
    "r": 239,
    "g": 154,
    "b": 154
  },
  "rgbChannels": "239 154 154",
  "isLight": true,
  "isDark": false,
  "lightModeContrast": 2.1518589995210062,
  "darkModeContrast": 9.75900372871759,
  "luminosity": 0.4379501864358795,
  "shades": [
    "red"
  ],
  "group": "material-design"
}