{
  "name": "material-amber-50",
  "hsl": {
    "h": 46,
    "s": 100,
    "l": 94.11764705882352
  },
  "hex": "#FFF8E1",
  "rgb": {
    "r": 255,
    "g": 248,
    "b": 225
  },
  "rgbChannels": "255 248 225",
  "isLight": true,
  "isDark": false,
  "lightModeContrast": 1.0624191905147908,
  "darkModeContrast": 19.766209220886285,
  "luminosity": 0.9383104610443143,
  "shades": [
    "yellow"
  ],
  "group": "material-design"
}