{
  "name": "material-brown-600",
  "hsl": {
    "h": 15,
    "s": 25.287356321839077,
    "l": 34.11764705882353
  },
  "hex": "#6D4C41",
  "rgb": {
    "r": 109,
    "g": 76,
    "b": 65
  },
  "rgbChannels": "109 76 65",
  "isLight": false,
  "isDark": true,
  "lightModeContrast": 7.607732764732505,
  "darkModeContrast": 2.760349324748972,
  "luminosity": 0.0880174662374486,
  "shades": [
    "red"
  ],
  "group": "material-design"
}