{
  "name": "material-lime-100",
  "hsl": {
    "h": 64.89795918367349,
    "s": 69.01408450704231,
    "l": 86.07843137254902
  },
  "hex": "#F0F4C3",
  "rgb": {
    "r": 240,
    "g": 244,
    "b": 195
  },
  "rgbChannels": "240 244 195",
  "isLight": true,
  "isDark": false,
  "lightModeContrast": 1.139239318581922,
  "darkModeContrast": 18.43335255154284,
  "luminosity": 0.871667627577142,
  "shades": [
    "yellow"
  ],
  "group": "material-design"
}