{
  "name": "material-deeporange-600",
  "hsl": {
    "h": 14.299065420560737,
    "s": 90.67796610169493,
    "l": 53.72549019607843
  },
  "hex": "#F4511E",
  "rgb": {
    "r": 244,
    "g": 81,
    "b": 30
  },
  "rgbChannels": "244 81 30",
  "isLight": false,
  "isDark": true,
  "lightModeContrast": 3.475475506926296,
  "darkModeContrast": 6.042338654998136,
  "luminosity": 0.2521169327499068,
  "shades": [
    "red"
  ],
  "group": "material-design"
}