{
  "name": "material-amber-900",
  "hsl": {
    "h": 26.117647058823536,
    "s": 100,
    "l": 50
  },
  "hex": "#FF6F00",
  "rgb": {
    "r": 255,
    "g": 111,
    "b": 0
  },
  "rgbChannels": "255 111 0",
  "isLight": true,
  "isDark": false,
  "lightModeContrast": 2.7904099990147255,
  "darkModeContrast": 7.525775784710833,
  "luminosity": 0.32628878923554167,
  "shades": [
    "red"
  ],
  "group": "material-design"
}