{
  "name": "material-cyan-500",
  "hsl": {
    "h": 186.79245283018872,
    "s": 100,
    "l": 41.568627450980394
  },
  "hex": "#00BCD4",
  "rgb": {
    "r": 0,
    "g": 188,
    "b": 212
  },
  "rgbChannels": "0 188 212",
  "isLight": true,
  "isDark": false,
  "lightModeContrast": 2.2965926654042335,
  "darkModeContrast": 9.143981131849385,
  "luminosity": 0.4071990565924693,
  "shades": [
    "cyan"
  ],
  "group": "material-design"
}