{
  "name": "material-yellow-300",
  "hsl": {
    "h": 53.8686131386861,
    "s": 100,
    "l": 73.13725490196079
  },
  "hex": "#FFF176",
  "rgb": {
    "r": 255,
    "g": 241,
    "b": 118
  },
  "rgbChannels": "255 241 118",
  "isLight": true,
  "isDark": false,
  "lightModeContrast": 1.1604954142110737,
  "darkModeContrast": 18.09571993378034,
  "luminosity": 0.8547859966890171,
  "shades": [
    "yellow"
  ],
  "group": "material-design"
}