{
  "name": "material-lightgreen-600",
  "hsl": {
    "h": 89.20353982300884,
    "s": 46.12244897959184,
    "l": 48.0392156862745
  },
  "hex": "#7CB342",
  "rgb": {
    "r": 124,
    "g": 179,
    "b": 66
  },
  "rgbChannels": "124 179 66",
  "isLight": true,
  "isDark": false,
  "lightModeContrast": 2.5048526904688955,
  "darkModeContrast": 8.38372654803461,
  "luminosity": 0.3691863274017306,
  "shades": [
    "yellow"
  ],
  "group": "material-design"
}