{
  "name": "material-red-a100",
  "hsl": {
    "h": 4.7244094488189035,
    "s": 100,
    "l": 75.09803921568627
  },
  "hex": "#FF8A80",
  "rgb": {
    "r": 255,
    "g": 138,
    "b": 128
  },
  "rgbChannels": "255 138 128",
  "isLight": true,
  "isDark": false,
  "lightModeContrast": 2.282833475477467,
  "darkModeContrast": 9.199094119472615,
  "luminosity": 0.4099547059736308,
  "shades": [
    "red"
  ],
  "group": "material-design"
}