{
  "name": "material-lightgreen-800",
  "hsl": {
    "h": 95.21739130434781,
    "s": 49.46236559139784,
    "l": 36.470588235294116
  },
  "hex": "#558B2F",
  "rgb": {
    "r": 85,
    "g": 139,
    "b": 47
  },
  "rgbChannels": "85 139 47",
  "isLight": false,
  "isDark": true,
  "lightModeContrast": 4.10127918716891,
  "darkModeContrast": 5.120353685186739,
  "luminosity": 0.20601768425933695,
  "shades": [
    "green"
  ],
  "group": "material-design"
}