{
  "name": "material-deeporange-700",
  "hsl": {
    "h": 14.341463414634177,
    "s": 80.3921568627451,
    "l": 50
  },
  "hex": "#E64A19",
  "rgb": {
    "r": 230,
    "g": 74,
    "b": 25
  },
  "rgbChannels": "230 74 25",
  "isLight": false,
  "isDark": true,
  "lightModeContrast": 3.9192646256699724,
  "darkModeContrast": 5.358148021559066,
  "luminosity": 0.21790740107795337,
  "shades": [
    "red"
  ],
  "group": "material-design"
}