{
  "name": "material-lime-900",
  "hsl": {
    "h": 53.8317757009346,
    "s": 69.93464052287581,
    "l": 30
  },
  "hex": "#827717",
  "rgb": {
    "r": 130,
    "g": 119,
    "b": 23
  },
  "rgbChannels": "130 119 23",
  "isLight": false,
  "isDark": true,
  "lightModeContrast": 4.564951463790291,
  "darkModeContrast": 4.600267969237868,
  "luminosity": 0.18001339846189346,
  "shades": [
    "yellow"
  ],
  "group": "material-design"
}