{
  "name": "material-pink-100",
  "hsl": {
    "h": 339.344262295082,
    "s": 81.33333333333336,
    "l": 85.29411764705883
  },
  "hex": "#F8BBD0",
  "rgb": {
    "r": 248,
    "g": 187,
    "b": 208
  },
  "rgbChannels": "248 187 208",
  "isLight": true,
  "isDark": false,
  "lightModeContrast": 1.614113862820813,
  "darkModeContrast": 13.010234583637464,
  "luminosity": 0.6005117291818732,
  "shades": [
    "red"
  ],
  "group": "material-design"
}