{
  "name": "material-bluegray-600",
  "hsl": {
    "h": 198.9473684210526,
    "s": 18.446601941747577,
    "l": 40.3921568627451
  },
  "hex": "#546E7A",
  "rgb": {
    "r": 84,
    "g": 110,
    "b": 122
  },
  "rgbChannels": "84 110 122",
  "isLight": false,
  "isDark": true,
  "lightModeContrast": 5.4007291706082015,
  "darkModeContrast": 3.8883638369215046,
  "luminosity": 0.14441819184607524,
  "shades": [
    "cyan"
  ],
  "group": "material-design"
}