{
  "name": "material-deeppurple-a400",
  "hsl": {
    "h": 258.75,
    "s": 100,
    "l": 56.07843137254902
  },
  "hex": "#651FFF",
  "rgb": {
    "r": 101,
    "g": 31,
    "b": 255
  },
  "rgbChannels": "101 31 255",
  "isLight": false,
  "isDark": true,
  "lightModeContrast": 6.5761972019356465,
  "darkModeContrast": 3.1933348947958606,
  "luminosity": 0.10966674473979303,
  "shades": [
    "blue"
  ],
  "group": "material-design"
}