{
  "name": "material-amber-700",
  "hsl": {
    "h": 37.64705882352939,
    "s": 100,
    "l": 50
  },
  "hex": "#FFA000",
  "rgb": {
    "r": 255,
    "g": 160,
    "b": 0
  },
  "rgbChannels": "255 160 0",
  "isLight": true,
  "isDark": false,
  "lightModeContrast": 2.0427375115809694,
  "darkModeContrast": 10.280322303254286,
  "luminosity": 0.46401611516271424,
  "shades": [
    "orange",
    "yellow"
  ],
  "group": "material-design"
}