{
  "name": "material-deeporange-500",
  "hsl": {
    "h": 14.389140271493204,
    "s": 100,
    "l": 56.666666666666664
  },
  "hex": "#FF5722",
  "rgb": {
    "r": 255,
    "g": 87,
    "b": 34
  },
  "rgbChannels": "255 87 34",
  "isLight": false,
  "isDark": true,
  "lightModeContrast": 3.163423997495252,
  "darkModeContrast": 6.638376650309114,
  "luminosity": 0.28191883251545574,
  "shades": [
    "red"
  ],
  "group": "material-design"
}