{
  "name": "material-gray-600",
  "hsl": {
    "h": 0,
    "s": 0,
    "l": 45.88235294117647
  },
  "hex": "#757575",
  "rgb": {
    "r": 117,
    "g": 117,
    "b": 117
  },
  "rgbChannels": "117 117 117",
  "isLight": false,
  "isDark": true,
  "lightModeContrast": 4.607518093747377,
  "darkModeContrast": 4.557768319672582,
  "luminosity": 0.17788841598362912,
  "shades": [
    "gray",
    "red"
  ],
  "group": "material-design"
}