{
  "name": "metro-indigo",
  "hsl": {
    "h": 264.9411764705883,
    "s": 100,
    "l": 50
  },
  "hex": "#6A00FF",
  "rgb": {
    "r": 106,
    "g": 0,
    "b": 255
  },
  "rgbChannels": "106 0 255",
  "isLight": false,
  "isDark": true,
  "lightModeContrast": 6.869852346241365,
  "darkModeContrast": 3.0568342580884615,
  "luminosity": 0.10284171290442308,
  "shades": [
    "blue"
  ],
  "group": "metro"
}