{
  "name": "metro-cyan",
  "hsl": {
    "h": 199.5979899497488,
    "s": 78.65612648221345,
    "l": 49.607843137254896
  },
  "hex": "#1BA1E2",
  "rgb": {
    "r": 27,
    "g": 161,
    "b": 226
  },
  "rgbChannels": "27 161 226",
  "isLight": true,
  "isDark": false,
  "lightModeContrast": 2.8994522296364678,
  "darkModeContrast": 7.242747366330285,
  "luminosity": 0.3121373683165143,
  "shades": [
    "cyan"
  ],
  "group": "metro"
}