{
  "name": "metro-pink",
  "hsl": {
    "h": 316.61538461538464,
    "s": 85.5263157894737,
    "l": 70.19607843137256
  },
  "hex": "#F472D0",
  "rgb": {
    "r": 244,
    "g": 114,
    "b": 208
  },
  "rgbChannels": "244 114 208",
  "isLight": true,
  "isDark": false,
  "lightModeContrast": 2.5721556666995338,
  "darkModeContrast": 8.16435811870834,
  "luminosity": 0.358217905935417,
  "shades": [
    "magenta"
  ],
  "group": "metro"
}