{
  "name": "metro-green",
  "hsl": {
    "h": 90,
    "s": 76.04166666666666,
    "l": 37.64705882352941
  },
  "hex": "#60A917",
  "rgb": {
    "r": 96,
    "g": 169,
    "b": 23
  },
  "rgbChannels": "96 169 23",
  "isLight": true,
  "isDark": false,
  "lightModeContrast": 2.9227889055265197,
  "darkModeContrast": 7.184918473001046,
  "luminosity": 0.3092459236500523,
  "shades": [
    "yellow"
  ],
  "group": "metro"
}