{
  "name": "metro-teal",
  "hsl": {
    "h": 179.29824561403507,
    "s": 100,
    "l": 33.52941176470588
  },
  "hex": "#00ABA9",
  "rgb": {
    "r": 0,
    "g": 171,
    "b": 169
  },
  "rgbChannels": "0 171 169",
  "isLight": true,
  "isDark": false,
  "lightModeContrast": 2.8385748913729296,
  "darkModeContrast": 7.398078544210246,
  "luminosity": 0.3199039272105123,
  "shades": [
    "cyan"
  ],
  "group": "metro"
}