{
  "name": "metro-brown",
  "hsl": {
    "h": 32.09302325581393,
    "s": 49.42528735632183,
    "l": 34.11764705882353
  },
  "hex": "#825A2C",
  "rgb": {
    "r": 130,
    "g": 90,
    "b": 44
  },
  "rgbChannels": "130 90 44",
  "isLight": false,
  "isDark": true,
  "lightModeContrast": 6.090485737721758,
  "darkModeContrast": 3.4480008499051804,
  "luminosity": 0.12240004249525904,
  "shades": [
    "yellow"
  ],
  "group": "metro"
}