{
  "name": "metro-orange",
  "hsl": {
    "h": 24.95999999999998,
    "s": 100,
    "l": 49.01960784313725
  },
  "hex": "#FA6800",
  "rgb": {
    "r": 250,
    "g": 104,
    "b": 0
  },
  "rgbChannels": "250 104 0",
  "isLight": false,
  "isDark": true,
  "lightModeContrast": 2.98086941060212,
  "darkModeContrast": 7.044924519440155,
  "luminosity": 0.3022462259720078,
  "shades": [
    "red"
  ],
  "group": "metro"
}