{
  "name": "milkpaint-barnred",
  "hsl": {
    "h": 3.934426229508176,
    "s": 96.82539682539681,
    "l": 24.705882352941178
  },
  "hex": "#7C0A02",
  "rgb": {
    "r": 124,
    "g": 10,
    "b": 2
  },
  "rgbChannels": "124 10 2",
  "isLight": false,
  "isDark": true,
  "lightModeContrast": 11.045014722933354,
  "darkModeContrast": 1.901310276789091,
  "luminosity": 0.045065513839454556,
  "shades": [
    "red"
  ],
  "group": "misc"
}