{
  "name": "misc-electricviolet",
  "hsl": {
    "h": 273.6470588235294,
    "s": 100,
    "l": 50
  },
  "hex": "#8F00FF",
  "rgb": {
    "r": 143,
    "g": 0,
    "b": 255
  },
  "rgbChannels": "143 0 255",
  "isLight": false,
  "isDark": true,
  "lightModeContrast": 5.814069494703132,
  "darkModeContrast": 3.611927930880755,
  "luminosity": 0.13059639654403776,
  "shades": [
    "purple",
    "magenta"
  ],
  "group": "misc"
}