{
  "name": "misc-electricblue",
  "hsl": {
    "h": 182.76923076923072,
    "s": 100,
    "l": 74.50980392156863
  },
  "hex": "#7DF9FF",
  "rgb": {
    "r": 125,
    "g": 249,
    "b": 255
  },
  "rgbChannels": "125 249 255",
  "isLight": true,
  "isDark": false,
  "lightModeContrast": 1.2450887556621335,
  "darkModeContrast": 16.866267488563317,
  "luminosity": 0.7933133744281659,
  "shades": [
    "cyan"
  ],
  "group": "misc"
}