{
  "name": "misc-olivine",
  "hsl": {
    "h": 86.57142857142856,
    "s": 33.33333333333333,
    "l": 58.82352941176471
  },
  "hex": "#9AB973",
  "rgb": {
    "r": 154,
    "g": 185,
    "b": 115
  },
  "rgbChannels": "154 185 115",
  "isLight": true,
  "isDark": false,
  "lightModeContrast": 2.1963883679743863,
  "darkModeContrast": 9.561150617168492,
  "luminosity": 0.42805753085842463,
  "shades": [
    "yellow"
  ],
  "group": "misc"
}