{
  "name": "misc-olivedrab7",
  "hsl": {
    "h": 43.448275862068954,
    "s": 31.868131868131865,
    "l": 17.84313725490196
  },
  "hex": "#3C341F",
  "rgb": {
    "r": 60,
    "g": 52,
    "b": 31
  },
  "rgbChannels": "60 52 31",
  "isLight": false,
  "isDark": true,
  "lightModeContrast": 12.330353813778187,
  "darkModeContrast": 1.7031141455595682,
  "luminosity": 0.03515570727797842,
  "shades": [
    "orange",
    "yellow"
  ],
  "group": "misc"
}