{
  "name": "misc-magentadye",
  "hsl": {
    "h": 327.719298245614,
    "s": 73.39055793991416,
    "l": 45.68627450980392
  },
  "hex": "#CA1F7B",
  "rgb": {
    "r": 202,
    "g": 31,
    "b": 123
  },
  "rgbChannels": "202 31 123",
  "isLight": false,
  "isDark": true,
  "lightModeContrast": 5.258784793500289,
  "darkModeContrast": 3.993318004942019,
  "luminosity": 0.14966590024710094,
  "shades": [
    "magenta"
  ],
  "group": "misc"
}