{
  "name": "misc-brunswickgreen",
  "hsl": {
    "h": 162,
    "s": 48.07692307692307,
    "l": 20.392156862745097
  },
  "hex": "#1B4D3E",
  "rgb": {
    "r": 27,
    "g": 77,
    "b": 62
  },
  "rgbChannels": "27 77 62",
  "isLight": false,
  "isDark": true,
  "lightModeContrast": 9.643142577870154,
  "darkModeContrast": 2.1777133160088766,
  "luminosity": 0.058885665800443826,
  "shades": [
    "cyan"
  ],
  "group": "misc"
}