{
  "name": "misc-splashedwhite",
  "hsl": {
    "h": 270,
    "s": 100,
    "l": 99.6078431372549
  },
  "hex": "#FEFDFF",
  "rgb": {
    "r": 254,
    "g": 253,
    "b": 255
  },
  "rgbChannels": "254 253 255",
  "isLight": true,
  "isDark": false,
  "lightModeContrast": 1.014087217259859,
  "darkModeContrast": 20.70827798889291,
  "luminosity": 0.9854138994446456,
  "shades": [
    "violet",
    "blue"
  ],
  "group": "misc"
}