{
  "name": "misc-kellygreen",
  "hsl": {
    "h": 100.60975609756099,
    "s": 78.0952380952381,
    "l": 41.17647058823529
  },
  "hex": "#4CBB17",
  "rgb": {
    "r": 76,
    "g": 187,
    "b": 23
  },
  "rgbChannels": "76 187 23",
  "isLight": true,
  "isDark": false,
  "lightModeContrast": 2.4917529373733727,
  "darkModeContrast": 8.427801843844396,
  "luminosity": 0.3713900921922198,
  "shades": [
    "green"
  ],
  "group": "misc"
}