{
  "name": "misc-marengo",
  "hsl": {
    "h": 212.30769230769238,
    "s": 14.606741573033712,
    "l": 34.90196078431372
  },
  "hex": "#4C5866",
  "rgb": {
    "r": 76,
    "g": 88,
    "b": 102
  },
  "rgbChannels": "76 88 102",
  "isLight": false,
  "isDark": true,
  "lightModeContrast": 7.253757775596061,
  "darkModeContrast": 2.8950511789421274,
  "luminosity": 0.09475255894710637,
  "shades": [
    "blue"
  ],
  "group": "misc"
}