{
  "name": "misc-orange",
  "hsl": {
    "h": 29.882352941176464,
    "s": 100,
    "l": 50
  },
  "hex": "#FF7F00",
  "rgb": {
    "r": 255,
    "g": 127,
    "b": 0
  },
  "rgbChannels": "255 127 0",
  "isLight": true,
  "isDark": false,
  "lightModeContrast": 2.5338605963092484,
  "darkModeContrast": 8.287748754050645,
  "luminosity": 0.3643874377025323,
  "shades": [
    "red"
  ],
  "group": "misc"
}