{
  "name": "misc-giantsorange",
  "hsl": {
    "h": 16.26666666666665,
    "s": 99.11894273127754,
    "l": 55.490196078431374
  },
  "hex": "#FE5A1D",
  "rgb": {
    "r": 254,
    "g": 90,
    "b": 29
  },
  "rgbChannels": "254 90 29",
  "isLight": false,
  "isDark": true,
  "lightModeContrast": 3.136962678237013,
  "darkModeContrast": 6.694373556207591,
  "luminosity": 0.2847186778103796,
  "shades": [
    "red"
  ],
  "group": "misc"
}