{
  "name": "misc-violet",
  "hsl": {
    "h": 269.88235294117646,
    "s": 100,
    "l": 50
  },
  "hex": "#7F00FF",
  "rgb": {
    "r": 127,
    "g": 0,
    "b": 255
  },
  "rgbChannels": "127 0 255",
  "isLight": false,
  "isDark": true,
  "lightModeContrast": 6.27539071545071,
  "darkModeContrast": 3.346405180524563,
  "luminosity": 0.11732025902622814,
  "shades": [
    "violet",
    "blue"
  ],
  "group": "misc"
}