{
  "name": "misc-graycard",
  "hsl": {
    "h": 0,
    "s": 0,
    "l": 48.627450980392155
  },
  "hex": "#7C7C7C",
  "rgb": {
    "r": 124,
    "g": 124,
    "b": 124
  },
  "rgbChannels": "124 124 124",
  "isLight": false,
  "isDark": true,
  "lightModeContrast": 4.174016682798076,
  "darkModeContrast": 5.031125075887941,
  "luminosity": 0.20155625379439707,
  "shades": [
    "gray",
    "red"
  ],
  "group": "misc"
}