{
  "name": "misc-brightpink",
  "hsl": {
    "h": 330.11764705882354,
    "s": 100,
    "l": 50
  },
  "hex": "#FF007F",
  "rgb": {
    "r": 255,
    "g": 0,
    "b": 127
  },
  "rgbChannels": "255 0 127",
  "isLight": false,
  "isDark": true,
  "lightModeContrast": 3.778024023666621,
  "darkModeContrast": 5.558461213705896,
  "luminosity": 0.2279230606852948,
  "shades": [
    "red"
  ],
  "group": "misc"
}