{
  "name": "misc-mountbattenpink",
  "hsl": {
    "h": 323.2258064516129,
    "s": 13.191489361702125,
    "l": 53.92156862745098
  },
  "hex": "#997A8D",
  "rgb": {
    "r": 153,
    "g": 122,
    "b": 141
  },
  "rgbChannels": "153 122 141",
  "isLight": true,
  "isDark": false,
  "lightModeContrast": 3.802355832098368,
  "darkModeContrast": 5.522891840559525,
  "luminosity": 0.22614459202797624,
  "shades": [
    "magenta"
  ],
  "group": "misc"
}