{
  "name": "misc-gunmetal",
  "hsl": {
    "h": 200,
    "s": 15.151515151515154,
    "l": 19.411764705882355
  },
  "hex": "#2A3439",
  "rgb": {
    "r": 42,
    "g": 52,
    "b": 57
  },
  "rgbChannels": "42 52 57",
  "isLight": false,
  "isDark": true,
  "lightModeContrast": 12.737105356419406,
  "darkModeContrast": 1.6487262539142111,
  "luminosity": 0.03243631269571056,
  "shades": [
    "cyan"
  ],
  "group": "misc"
}