{
  "name": "misc-charlestongreen",
  "hsl": {
    "h": 180,
    "s": 10.256410256410255,
    "l": 15.294117647058824
  },
  "hex": "#232B2B",
  "rgb": {
    "r": 35,
    "g": 43,
    "b": 43
  },
  "rgbChannels": "35 43 43",
  "isLight": false,
  "isDark": true,
  "lightModeContrast": 14.463812447823353,
  "darkModeContrast": 1.4518993575003298,
  "luminosity": 0.0225949678750165,
  "shades": [
    "cyan"
  ],
  "group": "misc"
}