{
  "name": "misc-isabelline",
  "hsl": {
    "h": 29.999999999999886,
    "s": 26.66666666666671,
    "l": 94.11764705882352
  },
  "hex": "#F4F0EC",
  "rgb": {
    "r": 244,
    "g": 240,
    "b": 236
  },
  "rgbChannels": "244 240 236",
  "isLight": true,
  "isDark": false,
  "lightModeContrast": 1.1337941716725672,
  "darkModeContrast": 18.521880359484392,
  "luminosity": 0.8760940179742196,
  "shades": [
    "red"
  ],
  "group": "misc"
}