{
  "name": "misc-feldgrau",
  "hsl": {
    "h": 142.5,
    "s": 9.411764705882353,
    "l": 33.33333333333333
  },
  "hex": "#4D5D53",
  "rgb": {
    "r": 77,
    "g": 93,
    "b": 83
  },
  "rgbChannels": "77 93 83",
  "isLight": false,
  "isDark": true,
  "lightModeContrast": 6.985556033535458,
  "darkModeContrast": 3.006203070905967,
  "luminosity": 0.10031015354529838,
  "shades": [
    "gray",
    "green"
  ],
  "group": "misc"
}