{
  "name": "misc-pillboxpink",
  "hsl": {
    "h": 350.4545454545455,
    "s": 34.92063492063494,
    "l": 75.29411764705883
  },
  "hex": "#D6AAB1",
  "rgb": {
    "r": 214,
    "g": 170,
    "b": 177
  },
  "rgbChannels": "214 170 177",
  "isLight": true,
  "isDark": false,
  "lightModeContrast": 2.0499837932657816,
  "darkModeContrast": 10.243983425130102,
  "luminosity": 0.4621991712565051,
  "shades": [
    "red",
    "pink"
  ],
  "group": "misc"
}