{
  "name": "misc-mexicanpink",
  "hsl": {
    "h": 327.36842105263156,
    "s": 100,
    "l": 44.70588235294118
  },
  "hex": "#E4007C",
  "rgb": {
    "r": 228,
    "g": 0,
    "b": 124
  },
  "rgbChannels": "228 0 124",
  "isLight": false,
  "isDark": true,
  "lightModeContrast": 4.57531959475614,
  "darkModeContrast": 4.589843302764794,
  "luminosity": 0.17949216513823973,
  "shades": [
    "magenta"
  ],
  "group": "misc"
}