{
  "name": "misc-paynegray",
  "hsl": {
    "h": 205.94594594594594,
    "s": 18.226600985221673,
    "l": 39.80392156862745
  },
  "hex": "#536878",
  "rgb": {
    "r": 83,
    "g": 104,
    "b": 120
  },
  "rgbChannels": "83 104 120",
  "isLight": false,
  "isDark": true,
  "lightModeContrast": 5.802485096331803,
  "darkModeContrast": 3.6191389812057793,
  "luminosity": 0.13095694906028896,
  "shades": [
    "cyan"
  ],
  "group": "misc"
}