{
  "name": "misc-khaki",
  "hsl": {
    "h": 37.19999999999999,
    "s": 29.411764705882344,
    "l": 66.66666666666666
  },
  "hex": "#C3B091",
  "rgb": {
    "r": 195,
    "g": 176,
    "b": 145
  },
  "rgbChannels": "195 176 145",
  "isLight": true,
  "isDark": false,
  "lightModeContrast": 2.112799167748928,
  "darkModeContrast": 9.939420802770549,
  "luminosity": 0.4469710401385275,
  "shades": [
    "orange",
    "yellow"
  ],
  "group": "misc"
}