{
  "name": "misc-labblue6",
  "hsl": {
    "h": 212.63157894736844,
    "s": 47.107438016528924,
    "l": 23.72549019607843
  },
  "hex": "#203A59",
  "rgb": {
    "r": 32,
    "g": 58,
    "b": 89
  },
  "rgbChannels": "32 58 89",
  "isLight": false,
  "isDark": true,
  "lightModeContrast": 11.596498803126638,
  "darkModeContrast": 1.8108914040794795,
  "luminosity": 0.04054457020397398,
  "shades": [
    "blue"
  ],
  "group": "misc"
}