{
  "name": "misc-neongreen",
  "hsl": {
    "h": 110.55319148936172,
    "s": 100,
    "l": 53.92156862745098
  },
  "hex": "#39FF14",
  "rgb": {
    "r": 57,
    "g": 255,
    "b": 20
  },
  "rgbChannels": "57 255 20",
  "isLight": true,
  "isDark": false,
  "lightModeContrast": 1.3558820574602184,
  "darkModeContrast": 15.48807278955835,
  "luminosity": 0.7244036394779175,
  "shades": [
    "green"
  ],
  "group": "misc"
}