{
  "name": "misc-bistre",
  "hsl": {
    "h": 24,
    "s": 32.60869565217392,
    "l": 18.03921568627451
  },
  "hex": "#3D2B1F",
  "rgb": {
    "r": 61,
    "g": 43,
    "b": 31
  },
  "rgbChannels": "61 43 31",
  "isLight": false,
  "isDark": true,
  "lightModeContrast": 13.429200519981139,
  "darkModeContrast": 1.5637565295681126,
  "luminosity": 0.028187826478405627,
  "shades": [
    "red"
  ],
  "group": "misc"
}