{
  "name": "misc-labblue2",
  "hsl": {
    "h": 213.44262295081967,
    "s": 46.56488549618321,
    "l": 25.68627450980392
  },
  "hex": "#233E60",
  "rgb": {
    "r": 35,
    "g": 62,
    "b": 96
  },
  "rgbChannels": "35 62 96",
  "isLight": false,
  "isDark": true,
  "lightModeContrast": 10.884097743083693,
  "darkModeContrast": 1.9294203796859932,
  "luminosity": 0.04647101898429966,
  "shades": [
    "blue"
  ],
  "group": "misc"
}