{
  "name": "misc-scarlet",
  "hsl": {
    "h": 8.470588235294144,
    "s": 100,
    "l": 50
  },
  "hex": "#FF2400",
  "rgb": {
    "r": 255,
    "g": 36,
    "b": 0
  },
  "rgbChannels": "255 36 0",
  "isLight": false,
  "isDark": true,
  "lightModeContrast": 3.8151640116549936,
  "darkModeContrast": 5.504350517001845,
  "luminosity": 0.2252175258500923,
  "shades": [
    "red"
  ],
  "group": "misc"
}