{
  "name": "misc-turkeyred",
  "hsl": {
    "h": 5.714285714285722,
    "s": 98.82352941176471,
    "l": 33.33333333333333
  },
  "hex": "#A91101",
  "rgb": {
    "r": 169,
    "g": 17,
    "b": 1
  },
  "rgbChannels": "169 17 1",
  "isLight": false,
  "isDark": true,
  "lightModeContrast": 7.587743978162886,
  "darkModeContrast": 2.767621055802206,
  "luminosity": 0.0883810527901103,
  "shades": [
    "red"
  ],
  "group": "misc"
}