{
  "name": "misc-pillboxgreen",
  "hsl": {
    "h": 74.16666666666669,
    "s": 31.57894736842105,
    "l": 55.294117647058826
  },
  "hex": "#A0B169",
  "rgb": {
    "r": 160,
    "g": 177,
    "b": 105
  },
  "rgbChannels": "160 177 105",
  "isLight": true,
  "isDark": false,
  "lightModeContrast": 2.3365637573178386,
  "darkModeContrast": 8.987557020102921,
  "luminosity": 0.3993778510051461,
  "shades": [
    "yellow"
  ],
  "group": "misc"
}