{
  "name": "misc-phthalogreen",
  "hsl": {
    "h": 150.8571428571429,
    "s": 49.29577464788733,
    "l": 13.92156862745098
  },
  "hex": "#123524",
  "rgb": {
    "r": 18,
    "g": 53,
    "b": 36
  },
  "rgbChannels": "18 53 36",
  "isLight": false,
  "isDark": true,
  "lightModeContrast": 13.457778666442369,
  "darkModeContrast": 1.5604358282667057,
  "luminosity": 0.028021791413335287,
  "shades": [],
  "group": "misc"
}