{
  "name": "misc-armygreen",
  "hsl": {
    "h": 69.41176470588232,
    "s": 44.34782608695652,
    "l": 22.54901960784314
  },
  "hex": "#4B5320",
  "rgb": {
    "r": 75,
    "g": 83,
    "b": 32
  },
  "rgbChannels": "75 83 32",
  "isLight": false,
  "isDark": true,
  "lightModeContrast": 8.211687461156979,
  "darkModeContrast": 2.5573306460254908,
  "luminosity": 0.07786653230127455,
  "shades": [
    "yellow"
  ],
  "group": "misc"
}