{
  "name": "misc-brightmint",
  "hsl": {
    "h": 153.06818181818176,
    "s": 100,
    "l": 65.49019607843137
  },
  "hex": "#4FFFB0",
  "rgb": {
    "r": 79,
    "g": 255,
    "b": 176
  },
  "rgbChannels": "79 255 176",
  "isLight": true,
  "isDark": false,
  "lightModeContrast": 1.2912452344211196,
  "darkModeContrast": 16.26337076815199,
  "luminosity": 0.7631685384075995,
  "shades": [
    "cyan"
  ],
  "group": "misc"
}