{
  "name": "misc-shockingpink",
  "hsl": {
    "h": 315.1898734177215,
    "s": 97.53086419753087,
    "l": 52.352941176470594
  },
  "hex": "#FC0FC0",
  "rgb": {
    "r": 252,
    "g": 15,
    "b": 192
  },
  "rgbChannels": "252 15 192",
  "isLight": false,
  "isDark": true,
  "lightModeContrast": 3.5184288507467696,
  "darkModeContrast": 5.968573158881087,
  "luminosity": 0.2484286579440544,
  "shades": [
    "magenta"
  ],
  "group": "misc"
}