{
  "name": "misc-fireenginered",
  "hsl": {
    "h": 356.8965517241379,
    "s": 73.10924369747899,
    "l": 46.666666666666664
  },
  "hex": "#CE2029",
  "rgb": {
    "r": 206,
    "g": 32,
    "b": 41
  },
  "rgbChannels": "206 32 41",
  "isLight": false,
  "isDark": true,
  "lightModeContrast": 5.436209005997928,
  "darkModeContrast": 3.862986131848516,
  "luminosity": 0.14314930659242578,
  "shades": [
    "red"
  ],
  "group": "misc"
}