{
  "name": "misc-brown",
  "hsl": {
    "h": 30,
    "s": 100,
    "l": 29.411764705882355
  },
  "hex": "#964B00",
  "rgb": {
    "r": 150,
    "g": 75,
    "b": 0
  },
  "rgbChannels": "150 75 0",
  "isLight": false,
  "isDark": true,
  "lightModeContrast": 6.3574005853849,
  "darkModeContrast": 3.3032368682692637,
  "luminosity": 0.1151618434134632,
  "shades": [],
  "group": "misc"
}