{
  "name": "misc-chilired",
  "hsl": {
    "h": 6.774193548387075,
    "s": 76.22950819672131,
    "l": 52.15686274509803
  },
  "hex": "#E23D28",
  "rgb": {
    "r": 226,
    "g": 61,
    "b": 40
  },
  "rgbChannels": "226 61 40",
  "isLight": false,
  "isDark": true,
  "lightModeContrast": 4.258004375205954,
  "darkModeContrast": 4.931887839825025,
  "luminosity": 0.19659439199125125,
  "shades": [
    "red"
  ],
  "group": "misc"
}