{
  "name": "misc-pillboxblue",
  "hsl": {
    "h": 193.125,
    "s": 17.391304347826082,
    "l": 63.921568627450974
  },
  "hex": "#93ACB3",
  "rgb": {
    "r": 147,
    "g": 172,
    "b": 179
  },
  "rgbChannels": "147 172 179",
  "isLight": true,
  "isDark": false,
  "lightModeContrast": 2.388384802465792,
  "darkModeContrast": 8.792553016716315,
  "luminosity": 0.3896276508358158,
  "shades": [
    "cyan"
  ],
  "group": "misc"
}