{
  "name": "misc-pillboxaqua",
  "hsl": {
    "h": 182.95081967213116,
    "s": 25.102880658436217,
    "l": 52.352941176470594
  },
  "hex": "#67A1A4",
  "rgb": {
    "r": 103,
    "g": 161,
    "b": 164
  },
  "rgbChannels": "103 161 164",
  "isLight": true,
  "isDark": false,
  "lightModeContrast": 2.912327383742172,
  "darkModeContrast": 7.210727790162181,
  "luminosity": 0.3105363895081091,
  "shades": [
    "cyan"
  ],
  "group": "misc"
}