{
  "name": "misc-ultramarine",
  "hsl": {
    "h": 254.82352941176464,
    "s": 100,
    "l": 50
  },
  "hex": "#3F00FF",
  "rgb": {
    "r": 63,
    "g": 0,
    "b": 255
  },
  "rgbChannels": "63 0 255",
  "isLight": false,
  "isDark": true,
  "lightModeContrast": 7.908555054326147,
  "darkModeContrast": 2.6553523185645087,
  "luminosity": 0.08276761592822546,
  "shades": [
    "blue"
  ],
  "group": "misc"
}