{
  "name": "misc-parisgreen",
  "hsl": {
    "h": 140,
    "s": 52.17391304347825,
    "l": 54.90196078431373
  },
  "hex": "#50C878",
  "rgb": {
    "r": 80,
    "g": 200,
    "b": 120
  },
  "rgbChannels": "80 200 120",
  "isLight": true,
  "isDark": false,
  "lightModeContrast": 2.1267936675387356,
  "darkModeContrast": 9.87401849108502,
  "luminosity": 0.44370092455425103,
  "shades": [
    "green"
  ],
  "group": "misc"
}