{
  "name": "misc-pillboxorange",
  "hsl": {
    "h": 32.65822784810126,
    "s": 46.198830409356724,
    "l": 66.47058823529412
  },
  "hex": "#D1AD82",
  "rgb": {
    "r": 209,
    "g": 173,
    "b": 130
  },
  "rgbChannels": "209 173 130",
  "isLight": true,
  "isDark": false,
  "lightModeContrast": 2.0977279231964077,
  "darkModeContrast": 10.010831131999854,
  "luminosity": 0.4505415565999928,
  "shades": [
    "yellow"
  ],
  "group": "misc"
}