{
  "name": "misc-celeste",
  "hsl": {
    "h": 180,
    "s": 100,
    "l": 84.90196078431373
  },
  "hex": "#B2FFFF",
  "rgb": {
    "r": 178,
    "g": 255,
    "b": 255
  },
  "rgbChannels": "178 255 255",
  "isLight": true,
  "isDark": false,
  "lightModeContrast": 1.1265492780985882,
  "darkModeContrast": 18.640995479083003,
  "luminosity": 0.8820497739541501,
  "shades": [
    "cyan"
  ],
  "group": "misc"
}