{
  "name": "misc-pillboxpurple",
  "hsl": {
    "h": 265.2631578947369,
    "s": 9.743589743589737,
    "l": 61.76470588235294
  },
  "hex": "#9C94A7",
  "rgb": {
    "r": 156,
    "g": 148,
    "b": 167
  },
  "rgbChannels": "156 148 167",
  "isLight": true,
  "isDark": false,
  "lightModeContrast": 2.9136114777764957,
  "darkModeContrast": 7.207549860431637,
  "luminosity": 0.3103774930215819,
  "shades": [
    "gray",
    "blue"
  ],
  "group": "misc"
}