{
  "name": "msdl-saddlebrown-2",
  "hsl": {
    "h": 21.265822784810098,
    "s": 89.77272727272728,
    "l": 34.509803921568626
  },
  "hex": "#A74109",
  "rgb": {
    "r": 167,
    "g": 65,
    "b": 9
  },
  "rgbChannels": "167 65 9",
  "isLight": false,
  "isDark": true,
  "lightModeContrast": 6.170733105639907,
  "darkModeContrast": 3.403161284160303,
  "luminosity": 0.12015806420801516,
  "shades": [
    "red"
  ],
  "group": "msdl"
}