{
  "name": "msdl-red-5",
  "hsl": {
    "h": 354.7169811320755,
    "s": 76.81159420289853,
    "l": 59.411764705882355
  },
  "hex": "#E74856",
  "rgb": {
    "r": 231,
    "g": 72,
    "b": 86
  },
  "rgbChannels": "231 72 86",
  "isLight": false,
  "isDark": true,
  "lightModeContrast": 3.846782357435648,
  "darkModeContrast": 5.4591079111632075,
  "luminosity": 0.2229553955581604,
  "shades": [
    "red",
    "pink"
  ],
  "group": "msdl"
}