{
  "name": "msdl-mosque-4",
  "hsl": {
    "h": 168.34951456310682,
    "s": 100,
    "l": 40.3921568627451
  },
  "hex": "#00CEA6",
  "rgb": {
    "r": 0,
    "g": 206,
    "b": 166
  },
  "rgbChannels": "0 206 166",
  "isLight": true,
  "isDark": false,
  "lightModeContrast": 2.023285622453112,
  "darkModeContrast": 10.379157429359262,
  "luminosity": 0.46895787146796314,
  "shades": [
    "cyan"
  ],
  "group": "msdl"
}