{
  "name": "msdl-mondo-3",
  "hsl": {
    "h": 20.000000000000057,
    "s": 2.8037383177570123,
    "l": 41.96078431372549
  },
  "hex": "#6E6A68",
  "rgb": {
    "r": 110,
    "g": 106,
    "b": 104
  },
  "rgbChannels": "110 106 104",
  "isLight": false,
  "isDark": true,
  "lightModeContrast": 5.350988915557656,
  "darkModeContrast": 3.9245082229462014,
  "luminosity": 0.14622541114731005,
  "shades": [
    "gray",
    "red"
  ],
  "group": "msdl"
}