{
  "name": "msdl-saddlebrown-7",
  "hsl": {
    "h": 17.5609756097561,
    "s": 61.19402985074625,
    "l": 86.86274509803921
  },
  "hex": "#F2D5C9",
  "rgb": {
    "r": 242,
    "g": 213,
    "b": 201
  },
  "rgbChannels": "242 213 201",
  "isLight": true,
  "isDark": false,
  "lightModeContrast": 1.3873695497289067,
  "darkModeContrast": 15.13655824729858,
  "luminosity": 0.706827912364929,
  "shades": [
    "red"
  ],
  "group": "msdl"
}