{
  "name": "msdl-indiantan-6",
  "hsl": {
    "h": 24.70588235294116,
    "s": 46.57534246575343,
    "l": 71.37254901960785
  },
  "hex": "#D8B094",
  "rgb": {
    "r": 216,
    "g": 176,
    "b": 148
  },
  "rgbChannels": "216 176 148",
  "isLight": true,
  "isDark": false,
  "lightModeContrast": 1.989099126163356,
  "darkModeContrast": 10.557543223351335,
  "luminosity": 0.4778771611675668,
  "shades": [
    "red"
  ],
  "group": "msdl"
}