{
  "name": "msdl-falured-6",
  "hsl": {
    "h": 8.91089108910893,
    "s": 74.81481481481482,
    "l": 73.52941176470588
  },
  "hex": "#EE9889",
  "rgb": {
    "r": 238,
    "g": 152,
    "b": 137
  },
  "rgbChannels": "238 152 137",
  "isLight": true,
  "isDark": false,
  "lightModeContrast": 2.2133333609087793,
  "darkModeContrast": 9.487951689020557,
  "luminosity": 0.4243975844510279,
  "shades": [
    "red"
  ],
  "group": "msdl"
}