{
  "name": "msdl-midnightblue-3",
  "hsl": {
    "h": 241.53846153846155,
    "s": 48.54771784232364,
    "l": 47.25490196078431
  },
  "hex": "#413EB3",
  "rgb": {
    "r": 65,
    "g": 62,
    "b": 179
  },
  "rgbChannels": "65 62 179",
  "isLight": false,
  "isDark": true,
  "lightModeContrast": 8.187939202408556,
  "darkModeContrast": 2.5647479153023833,
  "luminosity": 0.07823739576511916,
  "shades": [
    "blue"
  ],
  "group": "msdl"
}