{
  "name": "msdl-gablegreen-5",
  "hsl": {
    "h": 165,
    "s": 14.035087719298254,
    "l": 55.294117647058826
  },
  "hex": "#7D9D95",
  "rgb": {
    "r": 125,
    "g": 157,
    "b": 149
  },
  "rgbChannels": "125 157 149",
  "isLight": true,
  "isDark": false,
  "lightModeContrast": 2.9458103970578007,
  "darkModeContrast": 7.128768375919325,
  "luminosity": 0.3064384187959663,
  "shades": [
    "cyan"
  ],
  "group": "msdl"
}