{
  "name": "msdl-teal-2",
  "hsl": {
    "h": 181.81818181818176,
    "s": 95.6521739130435,
    "l": 27.058823529411764
  },
  "hex": "#038387",
  "rgb": {
    "r": 3,
    "g": 131,
    "b": 135
  },
  "rgbChannels": "3 131 135",
  "isLight": false,
  "isDark": true,
  "lightModeContrast": 4.564973675565988,
  "darkModeContrast": 4.600245585730856,
  "luminosity": 0.18001227928654284,
  "shades": [
    "cyan"
  ],
  "group": "msdl"
}