{
  "name": "msdl-green-3",
  "hsl": {
    "h": 117.9591836734694,
    "s": 84,
    "l": 34.31372549019608
  },
  "hex": "#13A10E",
  "rgb": {
    "r": 19,
    "g": 161,
    "b": 14
  },
  "rgbChannels": "19 161 14",
  "isLight": false,
  "isDark": true,
  "lightModeContrast": 3.424669645571952,
  "darkModeContrast": 6.131978314215707,
  "luminosity": 0.25659891571078536,
  "shades": [
    "green"
  ],
  "group": "msdl"
}