{
  "name": "msdl-mirage-2",
  "hsl": {
    "h": 200,
    "s": 9.202453987730056,
    "l": 31.960784313725487
  },
  "hex": "#4A5459",
  "rgb": {
    "r": 74,
    "g": 84,
    "b": 89
  },
  "rgbChannels": "74 84 89",
  "isLight": false,
  "isDark": true,
  "lightModeContrast": 7.767557835078628,
  "darkModeContrast": 2.703552447998918,
  "luminosity": 0.0851776223999459,
  "shades": [
    "gray",
    "cyan"
  ],
  "group": "msdl"
}