{
  "name": "msdl-indiantan-1",
  "hsl": {
    "h": 15.918367346938794,
    "s": 46.666666666666664,
    "l": 20.588235294117645
  },
  "hex": "#4D291C",
  "rgb": {
    "r": 77,
    "g": 41,
    "b": 28
  },
  "rgbChannels": "77 41 28",
  "isLight": false,
  "isDark": true,
  "lightModeContrast": 12.731135099991809,
  "darkModeContrast": 1.6494994228765596,
  "luminosity": 0.032474971143827976,
  "shades": [
    "red"
  ],
  "group": "msdl"
}