{
  "name": "msdl-deepkoamaru-6",
  "hsl": {
    "h": 240,
    "s": 43.68932038834949,
    "l": 79.80392156862746
  },
  "hex": "#B5B5E2",
  "rgb": {
    "r": 181,
    "g": 181,
    "b": 226
  },
  "rgbChannels": "181 181 226",
  "isLight": true,
  "isDark": false,
  "lightModeContrast": 1.967674261965308,
  "darkModeContrast": 10.672498190338299,
  "luminosity": 0.48362490951691495,
  "shades": [
    "blue"
  ],
  "group": "msdl"
}