{
  "name": "msdl-gray-1",
  "hsl": {
    "h": 0,
    "s": 0,
    "l": 12.156862745098039
  },
  "hex": "#1F1F1F",
  "rgb": {
    "r": 31,
    "g": 31,
    "b": 31
  },
  "rgbChannels": "31 31 31",
  "isLight": false,
  "isDark": true,
  "lightModeContrast": 16.48297747532879,
  "darkModeContrast": 1.2740416609457939,
  "luminosity": 0.013702083047289686,
  "shades": [
    "gray",
    "red"
  ],
  "group": "msdl"
}