{
  "name": "msdl-yellow-7",
  "hsl": {
    "h": 54.28571428571428,
    "s": 87.50000000000001,
    "l": 81.17647058823529
  },
  "hex": "#F9F1A5",
  "rgb": {
    "r": 249,
    "g": 241,
    "b": 165
  },
  "rgbChannels": "249 241 165",
  "isLight": true,
  "isDark": false,
  "lightModeContrast": 1.1568088133669723,
  "darkModeContrast": 18.15338866487198,
  "luminosity": 0.8576694332435989,
  "shades": [
    "yellow"
  ],
  "group": "msdl"
}