{
  "name": "msdl-mosque-7",
  "hsl": {
    "h": 168.75,
    "s": 64.86486486486484,
    "l": 85.49019607843137
  },
  "hex": "#C2F2E9",
  "rgb": {
    "r": 194,
    "g": 242,
    "b": 233
  },
  "rgbChannels": "194 242 233",
  "isLight": true,
  "isDark": false,
  "lightModeContrast": 1.222966791108194,
  "darkModeContrast": 17.171357515743175,
  "luminosity": 0.8085678757871587,
  "shades": [
    "cyan"
  ],
  "group": "msdl"
}