{
  "name": "msdl-bilbao-6",
  "hsl": {
    "h": 82.42990654205607,
    "s": 62.573099415204666,
    "l": 66.47058823529412
  },
  "hex": "#B7DF74",
  "rgb": {
    "r": 183,
    "g": 223,
    "b": 116
  },
  "rgbChannels": "183 223 116",
  "isLight": true,
  "isDark": false,
  "lightModeContrast": 1.519458042992362,
  "darkModeContrast": 13.820717259585141,
  "luminosity": 0.6410358629792571,
  "shades": [
    "yellow"
  ],
  "group": "msdl"
}