{
  "name": "msdl-yellow-1",
  "hsl": {
    "h": 42.553191489361666,
    "s": 86.5030674846626,
    "l": 31.960784313725487
  },
  "hex": "#986F0B",
  "rgb": {
    "r": 152,
    "g": 111,
    "b": 11
  },
  "rgbChannels": "152 111 11",
  "isLight": false,
  "isDark": true,
  "lightModeContrast": 4.551673006014817,
  "darkModeContrast": 4.613688191627454,
  "luminosity": 0.18068440958137272,
  "shades": [
    "orange",
    "yellow"
  ],
  "group": "msdl"
}