{
  "name": "msdl-red-3",
  "hsl": {
    "h": 354.72527472527474,
    "s": 85.84905660377359,
    "l": 41.568627450980394
  },
  "hex": "#C50F1F",
  "rgb": {
    "r": 197,
    "g": 15,
    "b": 31
  },
  "rgbChannels": "197 15 31",
  "isLight": false,
  "isDark": true,
  "lightModeContrast": 6.065544819347018,
  "darkModeContrast": 3.462178687233036,
  "luminosity": 0.12310893436165182,
  "shades": [
    "red",
    "pink"
  ],
  "group": "msdl"
}