{
  "name": "msdl-eggplant-2",
  "hsl": {
    "h": 322.0645161290322,
    "s": 100,
    "l": 30.392156862745097
  },
  "hex": "#9B0062",
  "rgb": {
    "r": 155,
    "g": 0,
    "b": 98
  },
  "rgbChannels": "155 0 98",
  "isLight": false,
  "isDark": true,
  "lightModeContrast": 8.170949142707578,
  "darkModeContrast": 2.5700808600359624,
  "luminosity": 0.07850404300179813,
  "shades": [
    "magenta"
  ],
  "group": "msdl"
}