{
  "name": "msdl-mirage-5",
  "hsl": {
    "h": 192,
    "s": 8.928571428571423,
    "l": 56.07843137254902
  },
  "hex": "#859599",
  "rgb": {
    "r": 133,
    "g": 149,
    "b": 153
  },
  "rgbChannels": "133 149 153",
  "isLight": true,
  "isDark": false,
  "lightModeContrast": 3.108224349687486,
  "darkModeContrast": 6.756269058284492,
  "luminosity": 0.28781345291422467,
  "shades": [
    "gray",
    "cyan"
  ],
  "group": "msdl"
}