{
  "name": "msdl-palatinatepurple-4",
  "hsl": {
    "h": 307.33333333333326,
    "s": 100,
    "l": 35.294117647058826
  },
  "hex": "#B4009E",
  "rgb": {
    "r": 180,
    "g": 0,
    "b": 158
  },
  "rgbChannels": "180 0 158",
  "isLight": false,
  "isDark": true,
  "lightModeContrast": 6.114633479463709,
  "darkModeContrast": 3.434384100131187,
  "luminosity": 0.12171920500655936,
  "shades": [
    "magenta"
  ],
  "group": "msdl"
}