{
  "name": "msdl-christi-6",
  "hsl": {
    "h": 68.09523809523807,
    "s": 86.30136986301372,
    "l": 71.37254901960785
  },
  "hex": "#E4F577",
  "rgb": {
    "r": 228,
    "g": 245,
    "b": 119
  },
  "rgbChannels": "228 245 119",
  "isLight": true,
  "isDark": false,
  "lightModeContrast": 1.1914122271668368,
  "darkModeContrast": 17.62614107959739,
  "luminosity": 0.8313070539798695,
  "shades": [
    "yellow"
  ],
  "group": "msdl"
}