{
  "name": "msdl-rawumber-5",
  "hsl": {
    "h": 32.72727272727275,
    "s": 100,
    "l": 63.33333333333333
  },
  "hex": "#FFAA44",
  "rgb": {
    "r": 255,
    "g": 170,
    "b": 68
  },
  "rgbChannels": "255 170 68",
  "isLight": true,
  "isDark": false,
  "lightModeContrast": 1.8943902335435192,
  "darkModeContrast": 11.08536120391563,
  "luminosity": 0.5042680601957815,
  "shades": [
    "yellow"
  ],
  "group": "msdl"
}