{
  "name": "msdl-tyrianpurple-6",
  "hsl": {
    "h": 334.468085106383,
    "s": 56.6265060240964,
    "l": 83.72549019607844
  },
  "hex": "#EDBED2",
  "rgb": {
    "r": 237,
    "g": 190,
    "b": 210
  },
  "rgbChannels": "237 190 210",
  "isLight": true,
  "isDark": false,
  "lightModeContrast": 1.628296262406334,
  "darkModeContrast": 12.896915926691198,
  "luminosity": 0.5948457963345599,
  "shades": [
    "red"
  ],
  "group": "msdl"
}