{
  "name": "msdl-falured-4",
  "hsl": {
    "h": 9.677419354838719,
    "s": 87.85425101214574,
    "l": 51.56862745098039
  },
  "hex": "#F03A17",
  "rgb": {
    "r": 240,
    "g": 58,
    "b": 23
  },
  "rgbChannels": "240 58 23",
  "isLight": false,
  "isDark": true,
  "lightModeContrast": 3.945404779933035,
  "darkModeContrast": 5.3226477817458395,
  "luminosity": 0.216132389087292,
  "shades": [
    "red"
  ],
  "group": "msdl"
}