{
  "name": "msdl-sapphire-7",
  "hsl": {
    "h": 224.49438202247188,
    "s": 100,
    "l": 82.54901960784314
  },
  "hex": "#A6BDFF",
  "rgb": {
    "r": 166,
    "g": 189,
    "b": 255
  },
  "rgbChannels": "166 189 255",
  "isLight": true,
  "isDark": false,
  "lightModeContrast": 1.8511276244306312,
  "darkModeContrast": 11.344436614120092,
  "luminosity": 0.5172218307060046,
  "shades": [
    "blue"
  ],
  "group": "msdl"
}