{
  "name": "msdl-teal-7",
  "hsl": {
    "h": 175.71428571428567,
    "s": 61.76470588235294,
    "l": 73.33333333333334
  },
  "hex": "#91E5DF",
  "rgb": {
    "r": 145,
    "g": 229,
    "b": 223
  },
  "rgbChannels": "145 229 223",
  "isLight": true,
  "isDark": false,
  "lightModeContrast": 1.4505551699702093,
  "darkModeContrast": 14.477215644566822,
  "luminosity": 0.6738607822283411,
  "shades": [
    "cyan"
  ],
  "group": "msdl"
}