{
  "name": "msdl-mondo-4",
  "hsl": {
    "h": 9.999999999999943,
    "s": 2.5210084033613476,
    "l": 46.666666666666664
  },
  "hex": "#7A7574",
  "rgb": {
    "r": 122,
    "g": 117,
    "b": 116
  },
  "rgbChannels": "122 117 116",
  "isLight": false,
  "isDark": true,
  "lightModeContrast": 4.541304689290287,
  "darkModeContrast": 4.624221768146076,
  "luminosity": 0.1812110884073038,
  "shades": [
    "gray",
    "red"
  ],
  "group": "msdl"
}