{
  "name": "msdl-gablegreen-4",
  "hsl": {
    "h": 165.78947368421052,
    "s": 18.09523809523809,
    "l": 41.17647058823529
  },
  "hex": "#567C73",
  "rgb": {
    "r": 86,
    "g": 124,
    "b": 115
  },
  "rgbChannels": "86 124 115",
  "isLight": false,
  "isDark": true,
  "lightModeContrast": 4.63954254644389,
  "darkModeContrast": 4.526308313757366,
  "luminosity": 0.17631541568786832,
  "shades": [
    "cyan"
  ],
  "group": "msdl"
}