{
  "name": "msdl-brown-3",
  "hsl": {
    "h": 41.794871794871824,
    "s": 100,
    "l": 45.88235294117647
  },
  "hex": "#EAA300",
  "rgb": {
    "r": 234,
    "g": 163,
    "b": 0
  },
  "rgbChannels": "234 163 0",
  "isLight": true,
  "isDark": false,
  "lightModeContrast": 2.1566415693923284,
  "darkModeContrast": 9.737362155138797,
  "luminosity": 0.4368681077569399,
  "shades": [
    "orange",
    "yellow"
  ],
  "group": "msdl"
}