{
  "name": "msdl-saddlebrown-3",
  "hsl": {
    "h": 20.645161290322562,
    "s": 85.3211009174312,
    "l": 42.745098039215684
  },
  "hex": "#CA5010",
  "rgb": {
    "r": 202,
    "g": 80,
    "b": 16
  },
  "rgbChannels": "202 80 16",
  "isLight": false,
  "isDark": true,
  "lightModeContrast": 4.500394364911201,
  "darkModeContrast": 4.666257731485351,
  "luminosity": 0.1833128865742676,
  "shades": [
    "red"
  ],
  "group": "msdl"
}