{
  "name": "msdl-bluelagoon-5",
  "hsl": {
    "h": 191.21212121212125,
    "s": 92.52336448598132,
    "l": 58.03921568627452
  },
  "hex": "#31D2F7",
  "rgb": {
    "r": 49,
    "g": 210,
    "b": 247
  },
  "rgbChannels": "49 210 247",
  "isLight": true,
  "isDark": false,
  "lightModeContrast": 1.7960521214646716,
  "darkModeContrast": 11.692311013154008,
  "luminosity": 0.5346155506577004,
  "shades": [
    "cyan"
  ],
  "group": "msdl"
}