{
  "name": "msdl-christalle-1",
  "hsl": {
    "h": 267.4074074074074,
    "s": 60,
    "l": 26.47058823529412
  },
  "hex": "#401B6C",
  "rgb": {
    "r": 64,
    "g": 27,
    "b": 108
  },
  "rgbChannels": "64 27 108",
  "isLight": false,
  "isDark": true,
  "lightModeContrast": 13.196650735455396,
  "darkModeContrast": 1.5913128581617586,
  "luminosity": 0.029565642908087924,
  "shades": [
    "blue"
  ],
  "group": "msdl"
}