{
  "name": "msdl-gray-7",
  "hsl": {
    "h": 0,
    "s": 0,
    "l": 94.90196078431372
  },
  "hex": "#F2F2F2",
  "rgb": {
    "r": 242,
    "g": 242,
    "b": 242
  },
  "rgbChannels": "242 242 242",
  "isLight": true,
  "isDark": false,
  "lightModeContrast": 1.1194947432057414,
  "darkModeContrast": 18.758462357639324,
  "luminosity": 0.8879231178819662,
  "shades": [
    "gray",
    "red"
  ],
  "group": "msdl"
}