{
  "name": "msdl-bluelagoon-6",
  "hsl": {
    "h": 188.39999999999998,
    "s": 100,
    "l": 70.58823529411764
  },
  "hex": "#69EAFF",
  "rgb": {
    "r": 105,
    "g": 234,
    "b": 255
  },
  "rgbChannels": "105 234 255",
  "isLight": true,
  "isDark": false,
  "lightModeContrast": 1.4175991202672338,
  "darkModeContrast": 14.813778944812874,
  "luminosity": 0.6906889472406437,
  "shades": [
    "cyan"
  ],
  "group": "msdl"
}