{
  "name": "msdl-red-6",
  "hsl": {
    "h": 354.11764705882354,
    "s": 67.10526315789474,
    "l": 70.19607843137254
  },
  "hex": "#E6808A",
  "rgb": {
    "r": 230,
    "g": 128,
    "b": 138
  },
  "rgbChannels": "230 128 138",
  "isLight": true,
  "isDark": false,
  "lightModeContrast": 2.685675087088237,
  "darkModeContrast": 7.8192630601372715,
  "luminosity": 0.3409631530068636,
  "shades": [
    "red",
    "pink"
  ],
  "group": "msdl"
}