{
  "name": "msdl-blue-3",
  "hsl": {
    "h": 224.86238532110087,
    "s": 100,
    "l": 42.745098039215684
  },
  "hex": "#0037DA",
  "rgb": {
    "r": 0,
    "g": 55,
    "b": 218
  },
  "rgbChannels": "0 55 218",
  "isLight": false,
  "isDark": true,
  "lightModeContrast": 8.206758852636423,
  "darkModeContrast": 2.558866463251049,
  "luminosity": 0.07794332316255248,
  "shades": [
    "blue"
  ],
  "group": "msdl"
}