{
  "name": "msdl-bilbao-7",
  "hsl": {
    "h": 77.4545454545455,
    "s": 51.4018691588785,
    "l": 79.01960784313727
  },
  "hex": "#D5E5AE",
  "rgb": {
    "r": 213,
    "g": 229,
    "b": 174
  },
  "rgbChannels": "213 229 174",
  "isLight": true,
  "isDark": false,
  "lightModeContrast": 1.3420116859862188,
  "darkModeContrast": 15.648149877746778,
  "luminosity": 0.732407493887339,
  "shades": [
    "yellow"
  ],
  "group": "msdl"
}