{
  "name": "msdl-bluelagoon-4",
  "hsl": {
    "h": 193.38842975206614,
    "s": 100,
    "l": 47.45098039215686
  },
  "hex": "#00BCF2",
  "rgb": {
    "r": 0,
    "g": 188,
    "b": 242
  },
  "rgbChannels": "0 188 242",
  "isLight": true,
  "isDark": false,
  "lightModeContrast": 2.216253844072355,
  "darkModeContrast": 9.47544887791942,
  "luminosity": 0.4237724438959711,
  "shades": [
    "cyan"
  ],
  "group": "msdl"
}