{
  "name": "msdl-christi-7",
  "hsl": {
    "h": 65.5263157894737,
    "s": 100,
    "l": 85.09803921568627
  },
  "hex": "#F8FFB3",
  "rgb": {
    "r": 248,
    "g": 255,
    "b": 179
  },
  "rgbChannels": "248 255 179",
  "isLight": true,
  "isDark": false,
  "lightModeContrast": 1.0528307255562923,
  "darkModeContrast": 19.946226387821334,
  "luminosity": 0.9473113193910667,
  "shades": [
    "yellow"
  ],
  "group": "msdl"
}