{
  "name": "msdl-bilbao-3",
  "hsl": {
    "h": 84.91803278688525,
    "s": 100,
    "l": 35.88235294117647
  },
  "hex": "#6BB700",
  "rgb": {
    "r": 107,
    "g": 183,
    "b": 0
  },
  "rgbChannels": "107 183 0",
  "isLight": true,
  "isDark": false,
  "lightModeContrast": 2.500430294867503,
  "darkModeContrast": 8.398554458048903,
  "luminosity": 0.36992772290244513,
  "shades": [
    "yellow"
  ],
  "group": "msdl"
}