{
  "name": "msdl-bilbao-5",
  "hsl": {
    "h": 83.77358490566041,
    "s": 67.65957446808511,
    "l": 53.92156862745098
  },
  "hex": "#9AD93A",
  "rgb": {
    "r": 154,
    "g": 217,
    "b": 58
  },
  "rgbChannels": "154 217 58",
  "isLight": true,
  "isDark": false,
  "lightModeContrast": 1.698995548287538,
  "darkModeContrast": 12.360244275605341,
  "luminosity": 0.568012213780267,
  "shades": [
    "yellow"
  ],
  "group": "msdl"
}