{
  "name": "msdl-brown-4",
  "hsl": {
    "h": 43.529411764705856,
    "s": 100,
    "l": 50
  },
  "hex": "#FFB900",
  "rgb": {
    "r": 255,
    "g": 185,
    "b": 0
  },
  "rgbChannels": "255 185 0",
  "isLight": true,
  "isDark": false,
  "lightModeContrast": 1.7224996129245542,
  "darkModeContrast": 12.19158474256203,
  "luminosity": 0.5595792371281015,
  "shades": [
    "orange",
    "yellow"
  ],
  "group": "msdl"
}