{
  "name": "msdl-christalle-6",
  "hsl": {
    "h": 253.46938775510205,
    "s": 71.01449275362323,
    "l": 86.47058823529412
  },
  "hex": "#CFC4F5",
  "rgb": {
    "r": 207,
    "g": 196,
    "b": 245
  },
  "rgbChannels": "207 196 245",
  "isLight": true,
  "isDark": false,
  "lightModeContrast": 1.6320103916056246,
  "darkModeContrast": 12.86756512581977,
  "luminosity": 0.5933782562909885,
  "shades": [
    "blue"
  ],
  "group": "msdl"
}