{
  "name": "msdl-bilbao-1",
  "hsl": {
    "h": 87.36000000000001,
    "s": 92.5925925925926,
    "l": 26.47058823529412
  },
  "hex": "#498205",
  "rgb": {
    "r": 73,
    "g": 130,
    "b": 5
  },
  "rgbChannels": "73 130 5",
  "isLight": false,
  "isDark": true,
  "lightModeContrast": 4.68903057347938,
  "darkModeContrast": 4.478537657394173,
  "luminosity": 0.17392688286970867,
  "shades": [
    "yellow"
  ],
  "group": "msdl"
}