{
  "name": "msdl-tyrianpurple-5",
  "hsl": {
    "h": 335.65714285714284,
    "s": 83.73205741626795,
    "l": 59.01960784313726
  },
  "hex": "#EE3F86",
  "rgb": {
    "r": 238,
    "g": 63,
    "b": 134
  },
  "rgbChannels": "238 63 134",
  "isLight": false,
  "isDark": true,
  "lightModeContrast": 3.6902460946126436,
  "darkModeContrast": 5.690677386166117,
  "luminosity": 0.2345338693083059,
  "shades": [
    "red"
  ],
  "group": "msdl"
}