{
  "name": "msdl-gablegreen-1",
  "hsl": {
    "h": 163.33333333333326,
    "s": 16.666666666666664,
    "l": 21.176470588235297
  },
  "hex": "#2D3F3A",
  "rgb": {
    "r": 45,
    "g": 63,
    "b": 58
  },
  "rgbChannels": "45 63 58",
  "isLight": false,
  "isDark": true,
  "lightModeContrast": 11.148401793884933,
  "darkModeContrast": 1.8836780722703068,
  "luminosity": 0.044183903613515346,
  "shades": [
    "cyan"
  ],
  "group": "msdl"
}