{
  "name": "msdl-tyrianpurple-4",
  "hsl": {
    "h": 335.8974358974359,
    "s": 100,
    "l": 45.88235294117647
  },
  "hex": "#EA005E",
  "rgb": {
    "r": 234,
    "g": 0,
    "b": 94
  },
  "rgbChannels": "234 0 94",
  "isLight": false,
  "isDark": true,
  "lightModeContrast": 4.506326122086787,
  "darkModeContrast": 4.660115453489489,
  "luminosity": 0.1830057726744745,
  "shades": [
    "red"
  ],
  "group": "msdl"
}