{
  "name": "msdl-yellow-4",
  "hsl": {
    "h": 53.571428571428555,
    "s": 100,
    "l": 49.411764705882355
  },
  "hex": "#FCE100",
  "rgb": {
    "r": 252,
    "g": 225,
    "b": 0
  },
  "rgbChannels": "252 225 0",
  "isLight": true,
  "isDark": false,
  "lightModeContrast": 1.319993035875672,
  "darkModeContrast": 15.909174843539066,
  "luminosity": 0.7454587421769533,
  "shades": [
    "yellow"
  ],
  "group": "msdl"
}