{
  "name": "msdl-bilbao-2",
  "hsl": {
    "h": 85.5483870967742,
    "s": 100,
    "l": 30.392156862745097
  },
  "hex": "#599B00",
  "rgb": {
    "r": 89,
    "g": 155,
    "b": 0
  },
  "rgbChannels": "89 155 0",
  "isLight": true,
  "isDark": false,
  "lightModeContrast": 3.435129128153724,
  "darkModeContrast": 6.113307307107507,
  "luminosity": 0.2556653653553754,
  "shades": [
    "yellow"
  ],
  "group": "msdl"
}