{
  "name": "msdl-falured-5",
  "hsl": {
    "h": 9.43396226415092,
    "s": 83.24607329842932,
    "l": 62.549019607843135
  },
  "hex": "#EF6950",
  "rgb": {
    "r": 239,
    "g": 105,
    "b": 80
  },
  "rgbChannels": "239 105 80",
  "isLight": true,
  "isDark": false,
  "lightModeContrast": 3.085235352541303,
  "darkModeContrast": 6.8066120086113795,
  "luminosity": 0.290330600430569,
  "shades": [
    "red"
  ],
  "group": "msdl"
}