{
  "name": "msdl-blue-1",
  "hsl": {
    "h": 229.93006993006998,
    "s": 100,
    "l": 28.03921568627451
  },
  "hex": "#00188F",
  "rgb": {
    "r": 0,
    "g": 24,
    "b": 143
  },
  "rgbChannels": "0 24 143",
  "isLight": false,
  "isDark": true,
  "lightModeContrast": 13.749865973828502,
  "darkModeContrast": 1.5272876142917615,
  "luminosity": 0.026364380714588076,
  "shades": [
    "blue"
  ],
  "group": "msdl"
}