{
  "name": "msdl-green-1",
  "hsl": {
    "h": 120,
    "s": 81.19658119658119,
    "l": 22.941176470588236
  },
  "hex": "#0B6A0B",
  "rgb": {
    "r": 11,
    "g": 106,
    "b": 11
  },
  "rgbChannels": "11 106 11",
  "isLight": false,
  "isDark": true,
  "lightModeContrast": 6.816686761936181,
  "darkModeContrast": 3.080675514864828,
  "luminosity": 0.1040337757432414,
  "shades": [
    "green"
  ],
  "group": "msdl"
}