{
  "name": "msdl-brown-2",
  "hsl": {
    "h": 39.62264150943395,
    "s": 100,
    "l": 41.568627450980394
  },
  "hex": "#D48C00",
  "rgb": {
    "r": 212,
    "g": 140,
    "b": 0
  },
  "rgbChannels": "212 140 0",
  "isLight": true,
  "isDark": false,
  "lightModeContrast": 2.7812200421812214,
  "darkModeContrast": 7.550643128376989,
  "luminosity": 0.3275321564188495,
  "shades": [
    "orange",
    "yellow"
  ],
  "group": "msdl"
}