{
  "name": "msdl-red-4",
  "hsl": {
    "h": 354.9767441860465,
    "s": 86.34538152610443,
    "l": 48.8235294117647
  },
  "hex": "#E81123",
  "rgb": {
    "r": 232,
    "g": 17,
    "b": 35
  },
  "rgbChannels": "232 17 35",
  "isLight": false,
  "isDark": true,
  "lightModeContrast": 4.630027334289942,
  "darkModeContrast": 4.535610371989423,
  "luminosity": 0.17678051859947116,
  "shades": [
    "red",
    "pink"
  ],
  "group": "msdl"
}