{
  "name": "msdl-rawumber-4",
  "hsl": {
    "h": 32.94117647058823,
    "s": 100,
    "l": 50
  },
  "hex": "#FF8C00",
  "rgb": {
    "r": 255,
    "g": 140,
    "b": 0
  },
  "rgbChannels": "255 140 0",
  "isLight": true,
  "isDark": false,
  "lightModeContrast": 2.332495344131214,
  "darkModeContrast": 9.003233405304774,
  "luminosity": 0.40016167026523874,
  "shades": [
    "yellow"
  ],
  "group": "msdl"
}