{
  "name": "msdl-redberry-2",
  "hsl": {
    "h": 357.1428571428571,
    "s": 62.37623762376238,
    "l": 39.6078431372549
  },
  "hex": "#A4262C",
  "rgb": {
    "r": 164,
    "g": 38,
    "b": 44
  },
  "rgbChannels": "164 38 44",
  "isLight": false,
  "isDark": true,
  "lightModeContrast": 7.261115187162242,
  "darkModeContrast": 2.892117733806001,
  "luminosity": 0.09460588669030004,
  "shades": [
    "red"
  ],
  "group": "msdl"
}