{
  "name": "msdl-gray-2",
  "hsl": {
    "h": 0,
    "s": 0,
    "l": 16.862745098039216
  },
  "hex": "#2B2B2B",
  "rgb": {
    "r": 43,
    "g": 43,
    "b": 43
  },
  "rgbChannels": "43 43 43",
  "isLight": false,
  "isDark": true,
  "lightModeContrast": 14.159028077509387,
  "darkModeContrast": 1.4831526489700952,
  "luminosity": 0.024157632448504756,
  "shades": [
    "gray",
    "red"
  ],
  "group": "msdl"
}