{
  "name": "msdl-eggplant-5",
  "hsl": {
    "h": 322.01183431952666,
    "s": 75.7847533632287,
    "l": 56.27450980392157
  },
  "hex": "#E43BA6",
  "rgb": {
    "r": 228,
    "g": 59,
    "b": 166
  },
  "rgbChannels": "228 59 166",
  "isLight": false,
  "isDark": true,
  "lightModeContrast": 3.8356047449907202,
  "darkModeContrast": 5.475016691286006,
  "luminosity": 0.22375083456430034,
  "shades": [
    "magenta"
  ],
  "group": "msdl"
}