{
  "name": "msdl-midnightblue-1",
  "hsl": {
    "h": 240,
    "s": 47.826086956521735,
    "l": 27.058823529411768
  },
  "hex": "#242466",
  "rgb": {
    "r": 36,
    "g": 36,
    "b": 102
  },
  "rgbChannels": "36 36 102",
  "isLight": false,
  "isDark": true,
  "lightModeContrast": 13.822828532585566,
  "darkModeContrast": 1.5192259638101682,
  "luminosity": 0.025961298190508405,
  "shades": [
    "blue"
  ],
  "group": "msdl"
}