{
  "name": "msdl-green-7",
  "hsl": {
    "h": 120,
    "s": 53.153153153153156,
    "l": 78.23529411764706
  },
  "hex": "#AAE5AA",
  "rgb": {
    "r": 170,
    "g": 229,
    "b": 170
  },
  "rgbChannels": "170 229 170",
  "isLight": true,
  "isDark": false,
  "lightModeContrast": 1.4485365982655627,
  "darkModeContrast": 14.497390003914857,
  "luminosity": 0.6748695001957429,
  "shades": [
    "green"
  ],
  "group": "msdl"
}