{
  "name": "msdl-mosque-2",
  "hsl": {
    "h": 172.61538461538464,
    "s": 100,
    "l": 25.49019607843137
  },
  "hex": "#008272",
  "rgb": {
    "r": 0,
    "g": 130,
    "b": 114
  },
  "rgbChannels": "0 130 114",
  "isLight": false,
  "isDark": true,
  "lightModeContrast": 4.733958609785053,
  "darkModeContrast": 4.436033715333543,
  "luminosity": 0.17180168576667712,
  "shades": [
    "cyan"
  ],
  "group": "msdl"
}