{
  "name": "msdl-christi-1",
  "hsl": {
    "h": 84.62686567164178,
    "s": 65.04854368932037,
    "l": 40.3921568627451
  },
  "hex": "#73AA24",
  "rgb": {
    "r": 115,
    "g": 170,
    "b": 36
  },
  "rgbChannels": "115 170 36",
  "isLight": true,
  "isDark": false,
  "lightModeContrast": 2.7983833905873117,
  "darkModeContrast": 7.504332705316915,
  "luminosity": 0.32521663526584577,
  "shades": [
    "yellow"
  ],
  "group": "msdl"
}