{
  "name": "msdl-mosque-6",
  "hsl": {
    "h": 168.71287128712868,
    "s": 66.88741721854305,
    "l": 70.3921568627451
  },
  "hex": "#81E6D3",
  "rgb": {
    "r": 129,
    "g": 230,
    "b": 211
  },
  "rgbChannels": "129 230 211",
  "isLight": true,
  "isDark": false,
  "lightModeContrast": 1.4796254643299025,
  "darkModeContrast": 14.192780880201022,
  "luminosity": 0.6596390440100511,
  "shades": [
    "cyan"
  ],
  "group": "msdl"
}