{
  "name": "msdl-fungreen-1",
  "hsl": {
    "h": 144.21052631578948,
    "s": 100,
    "l": 22.35294117647059
  },
  "hex": "#00722E",
  "rgb": {
    "r": 0,
    "g": 114,
    "b": 46
  },
  "rgbChannels": "0 114 46",
  "isLight": false,
  "isDark": true,
  "lightModeContrast": 6.09335566169833,
  "darkModeContrast": 3.4463768678401605,
  "luminosity": 0.12231884339200802,
  "shades": [
    "green"
  ],
  "group": "msdl"
}