{
  "name": "msdl-blue-4",
  "hsl": {
    "h": 223.52941176470586,
    "s": 100,
    "l": 50
  },
  "hex": "#0046FF",
  "rgb": {
    "r": 0,
    "g": 70,
    "b": 255
  },
  "rgbChannels": "0 70 255",
  "isLight": false,
  "isDark": true,
  "lightModeContrast": 6.325180112429461,
  "darkModeContrast": 3.3200635597290584,
  "luminosity": 0.1160031779864529,
  "shades": [
    "blue"
  ],
  "group": "msdl"
}