{
  "name": "msdl-scarletgum-1",
  "hsl": {
    "h": 287.82608695652175,
    "s": 69.69696969696969,
    "l": 19.411764705882355
  },
  "hex": "#460F54",
  "rgb": {
    "r": 70,
    "g": 15,
    "b": 84
  },
  "rgbChannels": "70 15 84",
  "isLight": false,
  "isDark": true,
  "lightModeContrast": 14.4154886754075,
  "darkModeContrast": 1.4567664317773372,
  "luminosity": 0.022838321588866867,
  "shades": [
    "magenta"
  ],
  "group": "msdl"
}