{
  "name": "msdl-redberry-4",
  "hsl": {
    "h": 0,
    "s": 100,
    "l": 63.13725490196078
  },
  "hex": "#FF4343",
  "rgb": {
    "r": 255,
    "g": 67,
    "b": 67
  },
  "rgbChannels": "255 67 67",
  "isLight": false,
  "isDark": true,
  "lightModeContrast": 3.4224744167913745,
  "darkModeContrast": 6.135911461301102,
  "luminosity": 0.2567955730650551,
  "shades": [
    "red"
  ],
  "group": "msdl"
}