{
  "name": "msdl-falured-3",
  "hsl": {
    "h": 16.036866359447004,
    "s": 99.08675799086758,
    "l": 42.94117647058823
  },
  "hex": "#DA3B01",
  "rgb": {
    "r": 218,
    "g": 59,
    "b": 1
  },
  "rgbChannels": "218 59 1",
  "isLight": false,
  "isDark": true,
  "lightModeContrast": 4.558172640406116,
  "darkModeContrast": 4.6071093959549945,
  "luminosity": 0.18035546979774975,
  "shades": [
    "red"
  ],
  "group": "msdl"
}