{
  "name": "msdl-brown-7",
  "hsl": {
    "h": 38.63013698630141,
    "s": 100,
    "l": 85.68627450980392
  },
  "hex": "#FFE5B6",
  "rgb": {
    "r": 255,
    "g": 229,
    "b": 182
  },
  "rgbChannels": "255 229 182",
  "isLight": true,
  "isDark": false,
  "lightModeContrast": 1.2255470985122408,
  "darkModeContrast": 17.135204371576627,
  "luminosity": 0.8067602185788314,
  "shades": [
    "orange",
    "yellow"
  ],
  "group": "msdl"
}