{
  "name": "msdl-christalle-5",
  "hsl": {
    "h": 265,
    "s": 37.16814159292036,
    "l": 55.68627450980392
  },
  "hex": "#8764B8",
  "rgb": {
    "r": 135,
    "g": 100,
    "b": 184
  },
  "rgbChannels": "135 100 184",
  "isLight": false,
  "isDark": true,
  "lightModeContrast": 4.620272703390808,
  "darkModeContrast": 4.545186258072634,
  "luminosity": 0.17725931290363173,
  "shades": [
    "blue"
  ],
  "group": "msdl"
}