{
  "name": "msdl-saddlebrown-5",
  "hsl": {
    "h": 21.849710982658962,
    "s": 91.53439153439156,
    "l": 62.94117647058823
  },
  "hex": "#F7894A",
  "rgb": {
    "r": 247,
    "g": 137,
    "b": 74
  },
  "rgbChannels": "247 137 74",
  "isLight": true,
  "isDark": false,
  "lightModeContrast": 2.432814369678942,
  "darkModeContrast": 8.631977951844869,
  "luminosity": 0.38159889759224347,
  "shades": [
    "red"
  ],
  "group": "msdl"
}