{
  "name": "msdl-bluelagoon-7",
  "hsl": {
    "h": 191.17647058823525,
    "s": 100,
    "l": 80
  },
  "hex": "#99ECFF",
  "rgb": {
    "r": 153,
    "g": 236,
    "b": 255
  },
  "rgbChannels": "153 236 255",
  "isLight": true,
  "isDark": false,
  "lightModeContrast": 1.329396465853762,
  "darkModeContrast": 15.796641964527435,
  "luminosity": 0.7398320982263717,
  "shades": [
    "cyan"
  ],
  "group": "msdl"
}