{
  "name": "msdl-sapphire-6",
  "hsl": {
    "h": 227.51999999999998,
    "s": 91.24087591240878,
    "l": 73.13725490196077
  },
  "hex": "#7C96F9",
  "rgb": {
    "r": 124,
    "g": 150,
    "b": 249
  },
  "rgbChannels": "124 150 249",
  "isLight": true,
  "isDark": false,
  "lightModeContrast": 2.7677223165406044,
  "darkModeContrast": 7.587466370632169,
  "luminosity": 0.3293733185316085,
  "shades": [
    "blue"
  ],
  "group": "msdl"
}