{
  "name": "msdl-scarletgum-5",
  "hsl": {
    "h": 291.7741935483871,
    "s": 50.40650406504065,
    "l": 51.764705882352935
  },
  "hex": "#B146C2",
  "rgb": {
    "r": 177,
    "g": 70,
    "b": 194
  },
  "rgbChannels": "177 70 194",
  "isLight": false,
  "isDark": true,
  "lightModeContrast": 4.641402743090814,
  "darkModeContrast": 4.524494245034127,
  "luminosity": 0.17622471225170638,
  "shades": [
    "magenta"
  ],
  "group": "msdl"
}