{
  "name": "msdl-windsor-6",
  "hsl": {
    "h": 240,
    "s": 69.01408450704231,
    "l": 86.07843137254902
  },
  "hex": "#C3C3F4",
  "rgb": {
    "r": 195,
    "g": 195,
    "b": 244
  },
  "rgbChannels": "195 195 244",
  "isLight": true,
  "isDark": false,
  "lightModeContrast": 1.6890813334921977,
  "darkModeContrast": 12.432793841006001,
  "luminosity": 0.5716396920503001,
  "shades": [
    "blue"
  ],
  "group": "msdl"
}