{
  "name": "msdl-gablegreen-2",
  "hsl": {
    "h": 165,
    "s": 16.901408450704224,
    "l": 27.84313725490196
  },
  "hex": "#3B534D",
  "rgb": {
    "r": 59,
    "g": 83,
    "b": 77
  },
  "rgbChannels": "59 83 77",
  "isLight": false,
  "isDark": true,
  "lightModeContrast": 8.298990181746579,
  "darkModeContrast": 2.530428346112395,
  "luminosity": 0.07652141730561975,
  "shades": [
    "cyan"
  ],
  "group": "msdl"
}