{
  "name": "msdl-red-1",
  "hsl": {
    "h": 350.37735849056605,
    "s": 82.8125,
    "l": 25.098039215686274
  },
  "hex": "#750B1C",
  "rgb": {
    "r": 117,
    "g": 11,
    "b": 28
  },
  "rgbChannels": "117 11 28",
  "isLight": false,
  "isDark": true,
  "lightModeContrast": 11.532008211657228,
  "darkModeContrast": 1.8210184743687552,
  "luminosity": 0.04105092371843775,
  "shades": [
    "red",
    "pink"
  ],
  "group": "msdl"
}