{
  "name": "msdl-prussianblue-5",
  "hsl": {
    "h": 206.1349693251534,
    "s": 70.56277056277057,
    "l": 54.70588235294118
  },
  "hex": "#3A96DD",
  "rgb": {
    "r": 58,
    "g": 150,
    "b": 221
  },
  "rgbChannels": "58 150 221",
  "isLight": true,
  "isDark": false,
  "lightModeContrast": 3.1883212632248132,
  "darkModeContrast": 6.586538264578659,
  "luminosity": 0.279326913228933,
  "shades": [
    "cyan"
  ],
  "group": "msdl"
}