{
  "name": "msdl-mosque-3",
  "hsl": {
    "h": 169.8876404494382,
    "s": 100,
    "l": 34.90196078431372
  },
  "hex": "#00B294",
  "rgb": {
    "r": 0,
    "g": 178,
    "b": 148
  },
  "rgbChannels": "0 178 148",
  "isLight": true,
  "isDark": false,
  "lightModeContrast": 2.6937645529120027,
  "darkModeContrast": 7.795781549392898,
  "luminosity": 0.33978907746964493,
  "shades": [
    "cyan"
  ],
  "group": "msdl"
}