{
  "name": "msdl-prussianblue-7",
  "hsl": {
    "h": 201.90476190476193,
    "s": 70.78651685393257,
    "l": 82.54901960784314
  },
  "hex": "#B3DBF2",
  "rgb": {
    "r": 179,
    "g": 219,
    "b": 242
  },
  "rgbChannels": "179 219 242",
  "isLight": true,
  "isDark": false,
  "lightModeContrast": 1.4653027521601136,
  "darkModeContrast": 14.331509286420374,
  "luminosity": 0.6665754643210187,
  "shades": [
    "cyan"
  ],
  "group": "msdl"
}