{
  "name": "msdl-indiantan-5",
  "hsl": {
    "h": 30,
    "s": 38.18181818181818,
    "l": 56.86274509803921
  },
  "hex": "#BB9167",
  "rgb": {
    "r": 187,
    "g": 145,
    "b": 103
  },
  "rgbChannels": "187 145 103",
  "isLight": true,
  "isDark": false,
  "lightModeContrast": 2.8536589836341113,
  "darkModeContrast": 7.3589732061315445,
  "luminosity": 0.31794866030657726,
  "shades": [],
  "group": "msdl"
}