{
  "name": "msdl-green-2",
  "hsl": {
    "h": 120,
    "s": 77.14285714285714,
    "l": 27.450980392156865
  },
  "hex": "#107C10",
  "rgb": {
    "r": 16,
    "g": 124,
    "b": 16
  },
  "rgbChannels": "16 124 16",
  "isLight": false,
  "isDark": true,
  "lightModeContrast": 5.367309838056077,
  "darkModeContrast": 3.9125745734115744,
  "luminosity": 0.14562872867057874,
  "shades": [
    "green"
  ],
  "group": "msdl"
}