{
  "name": "msdl-mondo-2",
  "hsl": {
    "h": 24.000000000000114,
    "s": 2.7624309392265176,
    "l": 35.49019607843137
  },
  "hex": "#5D5A58",
  "rgb": {
    "r": 93,
    "g": 90,
    "b": 88
  },
  "rgbChannels": "93 90 88",
  "isLight": false,
  "isDark": true,
  "lightModeContrast": 6.843036540965831,
  "darkModeContrast": 3.068813073594379,
  "luminosity": 0.10344065367971896,
  "shades": [
    "gray",
    "red"
  ],
  "group": "msdl"
}