{
  "name": "msdl-prussianblue-3",
  "hsl": {
    "h": 206.4406779661017,
    "s": 100,
    "l": 34.705882352941174
  },
  "hex": "#0063B1",
  "rgb": {
    "r": 0,
    "g": 99,
    "b": 177
  },
  "rgbChannels": "0 99 177",
  "isLight": false,
  "isDark": true,
  "lightModeContrast": 6.141067267851657,
  "darkModeContrast": 3.419601037418122,
  "luminosity": 0.12098005187090612,
  "shades": [
    "cyan"
  ],
  "group": "msdl"
}