{
  "name": "msdl-teal-1",
  "hsl": {
    "h": 180,
    "s": 100,
    "l": 20
  },
  "hex": "#006666",
  "rgb": {
    "r": 0,
    "g": 102,
    "b": 102
  },
  "rgbChannels": "0 102 102",
  "isLight": false,
  "isDark": true,
  "lightModeContrast": 6.790819384806317,
  "darkModeContrast": 3.0924103278295254,
  "luminosity": 0.10462051639147626,
  "shades": [
    "cyan"
  ],
  "group": "msdl"
}