{
  "name": "msdl-yellow-5",
  "hsl": {
    "h": 56.70588235294116,
    "s": 100,
    "l": 50
  },
  "hex": "#FFF100",
  "rgb": {
    "r": 255,
    "g": 241,
    "b": 0
  },
  "rgbChannels": "255 241 0",
  "isLight": true,
  "isDark": false,
  "lightModeContrast": 1.177518232137983,
  "darkModeContrast": 17.83411876508354,
  "luminosity": 0.8417059382541772,
  "shades": [
    "yellow"
  ],
  "group": "msdl"
}