{
  "name": "msdl-redberry-7",
  "hsl": {
    "h": 0,
    "s": 100,
    "l": 87.6470588235294
  },
  "hex": "#FFC0C0",
  "rgb": {
    "r": 255,
    "g": 192,
    "b": 192
  },
  "rgbChannels": "255 192 192",
  "isLight": true,
  "isDark": false,
  "lightModeContrast": 1.5494714126284668,
  "darkModeContrast": 13.553008999615143,
  "luminosity": 0.6276504499807571,
  "shades": [
    "red"
  ],
  "group": "msdl"
}