{
  "name": "msdl-christalle-2",
  "hsl": {
    "h": 267.33333333333337,
    "s": 54.878048780487795,
    "l": 32.15686274509804
  },
  "hex": "#4E257F",
  "rgb": {
    "r": 78,
    "g": 37,
    "b": 127
  },
  "rgbChannels": "78 37 127",
  "isLight": false,
  "isDark": true,
  "lightModeContrast": 11.081626921274903,
  "darkModeContrast": 1.8950286044807598,
  "luminosity": 0.04475143022403799,
  "shades": [
    "blue"
  ],
  "group": "msdl"
}