{
  "name": "msdl-gray-3",
  "hsl": {
    "h": 0,
    "s": 0,
    "l": 22.35294117647059
  },
  "hex": "#393939",
  "rgb": {
    "r": 57,
    "g": 57,
    "b": 57
  },
  "rgbChannels": "57 57 57",
  "isLight": false,
  "isDark": true,
  "lightModeContrast": 11.549224285085952,
  "darkModeContrast": 1.8183039381370638,
  "luminosity": 0.04091519690685319,
  "shades": [
    "gray",
    "red"
  ],
  "group": "msdl"
}