{
  "name": "msdl-deepkoamaru-5",
  "hsl": {
    "h": 246.47058823529414,
    "s": 60.71428571428572,
    "l": 67.05882352941177
  },
  "hex": "#8378DE",
  "rgb": {
    "r": 131,
    "g": 120,
    "b": 222
  },
  "rgbChannels": "131 120 222",
  "isLight": true,
  "isDark": false,
  "lightModeContrast": 3.6800575298439506,
  "darkModeContrast": 5.706432529844305,
  "luminosity": 0.23532162649221525,
  "shades": [
    "blue"
  ],
  "group": "msdl"
}