{
  "name": "msdl-deepkoamaru-2",
  "hsl": {
    "h": 246,
    "s": 41.28440366972477,
    "l": 42.745098039215684
  },
  "hex": "#49409A",
  "rgb": {
    "r": 73,
    "g": 64,
    "b": 154
  },
  "rgbChannels": "73 64 154",
  "isLight": false,
  "isDark": true,
  "lightModeContrast": 8.45658940701071,
  "darkModeContrast": 2.4832706176547377,
  "luminosity": 0.07416353088273689,
  "shades": [
    "blue"
  ],
  "group": "msdl"
}