{
  "name": "msdl-windsor-2",
  "hsl": {
    "h": 254.45783132530119,
    "s": 35.93073593073593,
    "l": 45.294117647058826
  },
  "hex": "#5E4A9D",
  "rgb": {
    "r": 94,
    "g": 74,
    "b": 157
  },
  "rgbChannels": "94 74 157",
  "isLight": false,
  "isDark": true,
  "lightModeContrast": 7.13724279165404,
  "darkModeContrast": 2.9423126847466117,
  "luminosity": 0.09711563423733058,
  "shades": [
    "blue"
  ],
  "group": "msdl"
}