{
  "name": "msdl-mirage-6",
  "hsl": {
    "h": 193.33333333333326,
    "s": 10.465116279069763,
    "l": 66.27450980392156
  },
  "hex": "#A0AEB2",
  "rgb": {
    "r": 160,
    "g": 174,
    "b": 178
  },
  "rgbChannels": "160 174 178",
  "isLight": true,
  "isDark": false,
  "lightModeContrast": 2.2845933394084352,
  "darkModeContrast": 9.192007889438068,
  "luminosity": 0.4096003944719035,
  "shades": [
    "cyan"
  ],
  "group": "msdl"
}