{
  "name": "msdl-midnightblue-5",
  "hsl": {
    "h": 241.10091743119267,
    "s": 57.06806282722514,
    "l": 62.549019607843135
  },
  "hex": "#6B69D6",
  "rgb": {
    "r": 107,
    "g": 105,
    "b": 214
  },
  "rgbChannels": "107 105 214",
  "isLight": false,
  "isDark": true,
  "lightModeContrast": 4.548607092221725,
  "darkModeContrast": 4.616797972265119,
  "luminosity": 0.180839898613256,
  "shades": [
    "blue"
  ],
  "group": "msdl"
}