{
  "name": "msdl-sapphire-5",
  "hsl": {
    "h": 229.36708860759495,
    "s": 81.44329896907217,
    "l": 61.96078431372549
  },
  "hex": "#4F6BED",
  "rgb": {
    "r": 79,
    "g": 107,
    "b": 237
  },
  "rgbChannels": "79 107 237",
  "isLight": false,
  "isDark": true,
  "lightModeContrast": 4.5079702035708005,
  "darkModeContrast": 4.658415883797485,
  "luminosity": 0.18292079418987428,
  "shades": [
    "blue"
  ],
  "group": "msdl"
}