{
  "name": "msdl-saddlebrown-1",
  "hsl": {
    "h": 19.663865546218517,
    "s": 88.14814814814815,
    "l": 26.47058823529412
  },
  "hex": "#7F2F08",
  "rgb": {
    "r": 127,
    "g": 47,
    "b": 8
  },
  "rgbChannels": "127 47 8",
  "isLight": false,
  "isDark": true,
  "lightModeContrast": 9.081011993488916,
  "darkModeContrast": 2.312517593309754,
  "luminosity": 0.0656258796654877,
  "shades": [
    "red"
  ],
  "group": "msdl"
}