{
  "name": "msdl-scarletgum-6",
  "hsl": {
    "h": 288,
    "s": 67.56756756756758,
    "l": 78.23529411764706
  },
  "hex": "#DEA2ED",
  "rgb": {
    "r": 222,
    "g": 162,
    "b": 237
  },
  "rgbChannels": "222 162 237",
  "isLight": true,
  "isDark": false,
  "lightModeContrast": 2.0005837529649524,
  "darkModeContrast": 10.49693619118774,
  "luminosity": 0.47484680955938696,
  "shades": [
    "magenta"
  ],
  "group": "msdl"
}