{
  "name": "msdl-sapphire-3",
  "hsl": {
    "h": 228.9171974522293,
    "s": 71.04072398190046,
    "l": 43.333333333333336
  },
  "hex": "#203DBD",
  "rgb": {
    "r": 32,
    "g": 61,
    "b": 189
  },
  "rgbChannels": "32 61 189",
  "isLight": false,
  "isDark": true,
  "lightModeContrast": 8.52363621181831,
  "darkModeContrast": 2.4637372452478425,
  "luminosity": 0.07318686226239214,
  "shades": [
    "blue"
  ],
  "group": "msdl"
}