{
  "name": "msdl-yellow-6",
  "hsl": {
    "h": 54,
    "s": 93.33333333333333,
    "l": 70.58823529411764
  },
  "hex": "#FAEC6E",
  "rgb": {
    "r": 250,
    "g": 236,
    "b": 110
  },
  "rgbChannels": "250 236 110",
  "isLight": true,
  "isDark": false,
  "lightModeContrast": 1.2147057430697465,
  "darkModeContrast": 17.288137575549612,
  "luminosity": 0.8144068787774806,
  "shades": [
    "yellow"
  ],
  "group": "msdl"
}