{
  "name": "msdl-saddlebrown-6",
  "hsl": {
    "h": 21.818181818181813,
    "s": 87.30158730158732,
    "l": 75.29411764705883
  },
  "hex": "#F7B189",
  "rgb": {
    "r": 247,
    "g": 177,
    "b": 137
  },
  "rgbChannels": "247 177 137",
  "isLight": true,
  "isDark": false,
  "lightModeContrast": 1.8095779179217946,
  "darkModeContrast": 11.604916147582857,
  "luminosity": 0.5302458073791428,
  "shades": [
    "red"
  ],
  "group": "msdl"
}