{
  "name": "msdl-indiantan-4",
  "hsl": {
    "h": 25,
    "s": 38.70967741935484,
    "l": 48.62745098039216
  },
  "hex": "#AC744C",
  "rgb": {
    "r": 172,
    "g": 116,
    "b": 76
  },
  "rgbChannels": "172 116 76",
  "isLight": false,
  "isDark": true,
  "lightModeContrast": 3.920361985561969,
  "darkModeContrast": 5.3566482068083126,
  "luminosity": 0.21783241034041567,
  "shades": [
    "red"
  ],
  "group": "msdl"
}