{
  "name": "msdl-deepkoamaru-1",
  "hsl": {
    "h": 244.3478260869565,
    "s": 40.82840236686391,
    "l": 33.13725490196078
  },
  "hex": "#373277",
  "rgb": {
    "r": 55,
    "g": 50,
    "b": 119
  },
  "rgbChannels": "55 50 119",
  "isLight": false,
  "isDark": true,
  "lightModeContrast": 11.140183233763189,
  "darkModeContrast": 1.885067737158407,
  "luminosity": 0.04425338685792035,
  "shades": [
    "blue"
  ],
  "group": "msdl"
}