{
  "name": "msdl-brown-6",
  "hsl": {
    "h": 41.64179104477614,
    "s": 100,
    "l": 73.72549019607844
  },
  "hex": "#FFD679",
  "rgb": {
    "r": 255,
    "g": 214,
    "b": 121
  },
  "rgbChannels": "255 214 121",
  "isLight": true,
  "isDark": false,
  "lightModeContrast": 1.386438583621782,
  "darkModeContrast": 15.146722147000464,
  "luminosity": 0.7073361073500232,
  "shades": [
    "orange",
    "yellow"
  ],
  "group": "msdl"
}