{
  "name": "msu-green",
  "hsl": {
    "h": 166.66666666666663,
    "s": 48.387096774193544,
    "l": 18.235294117647058
  },
  "hex": "#18453B",
  "rgb": {
    "r": 24,
    "g": 69,
    "b": 59
  },
  "rgbChannels": "24 69 59",
  "isLight": false,
  "isDark": true,
  "lightModeContrast": 10.751366130927716,
  "darkModeContrast": 1.9532401505321955,
  "luminosity": 0.047662007526609776,
  "shades": [
    "cyan"
  ],
  "group": "misc"
}