{
  "name": "munsell-blue",
  "hsl": {
    "h": 189.60000000000002,
    "s": 100,
    "l": 34.31372549019608
  },
  "hex": "#0093AF",
  "rgb": {
    "r": 0,
    "g": 147,
    "b": 175
  },
  "rgbChannels": "0 147 175",
  "isLight": false,
  "isDark": true,
  "lightModeContrast": 3.6253673465847247,
  "darkModeContrast": 5.7925164521005135,
  "luminosity": 0.23962582260502568,
  "shades": [
    "cyan"
  ],
  "group": "misc"
}