{
  "name": "munsell-green",
  "hsl": {
    "h": 162.5,
    "s": 100,
    "l": 32.94117647058823
  },
  "hex": "#00A877",
  "rgb": {
    "r": 0,
    "g": 168,
    "b": 119
  },
  "rgbChannels": "0 168 119",
  "isLight": true,
  "isDark": false,
  "lightModeContrast": 3.0579104397775176,
  "darkModeContrast": 6.867434613790678,
  "luminosity": 0.2933717306895339,
  "shades": [
    "cyan"
  ],
  "group": "misc"
}