{
  "name": "munsell-purple",
  "hsl": {
    "h": 288.4263959390862,
    "s": 100,
    "l": 38.62745098039216
  },
  "hex": "#9F00C5",
  "rgb": {
    "r": 159,
    "g": 0,
    "b": 197
  },
  "rgbChannels": "159 0 197",
  "isLight": false,
  "isDark": true,
  "lightModeContrast": 6.401601409481856,
  "darkModeContrast": 3.2804291702534685,
  "luminosity": 0.11402145851267344,
  "shades": [
    "magenta"
  ],
  "group": "misc"
}