{
  "name": "ncs-blue",
  "hsl": {
    "h": 197.1428571428571,
    "s": 100,
    "l": 37.05882352941177
  },
  "hex": "#0087BD",
  "rgb": {
    "r": 0,
    "g": 135,
    "b": 189
  },
  "rgbChannels": "0 135 189",
  "isLight": false,
  "isDark": true,
  "lightModeContrast": 4.038140193312297,
  "darkModeContrast": 5.200413803061821,
  "luminosity": 0.21002069015309102,
  "shades": [
    "cyan"
  ],
  "group": "misc"
}