{
  "name": "ncs-yellow",
  "hsl": {
    "h": 49.64705882352939,
    "s": 100,
    "l": 50
  },
  "hex": "#FFD300",
  "rgb": {
    "r": 255,
    "g": 211,
    "b": 0
  },
  "rgbChannels": "255 211 0",
  "isLight": true,
  "isDark": false,
  "lightModeContrast": 1.4413468368860267,
  "darkModeContrast": 14.569706237653163,
  "luminosity": 0.6784853118826581,
  "shades": [
    "yellow"
  ],
  "group": "misc"
}