{
  "name": "northwestern-purple",
  "hsl": {
    "h": 264,
    "s": 51.7241379310345,
    "l": 34.11764705882353
  },
  "hex": "#4E2A84",
  "rgb": {
    "r": 78,
    "g": 42,
    "b": 132
  },
  "rgbChannels": "78 42 132",
  "isLight": false,
  "isDark": true,
  "lightModeContrast": 10.561708780030452,
  "darkModeContrast": 1.9883146219393726,
  "luminosity": 0.04941573109696863,
  "shades": [
    "blue"
  ],
  "group": "misc"
}