{
  "name": "ou-crimson",
  "hsl": {
    "h": 0,
    "s": 100,
    "l": 30
  },
  "hex": "#990000",
  "rgb": {
    "r": 153,
    "g": 0,
    "b": 0
  },
  "rgbChannels": "153 0 0",
  "isLight": false,
  "isDark": true,
  "lightModeContrast": 8.919239217247762,
  "darkModeContrast": 2.3544609005878905,
  "luminosity": 0.06772304502939454,
  "shades": [
    "red"
  ],
  "group": "misc"
}