{
  "name": "pantone-artichoke",
  "hsl": {
    "h": 110.23255813953489,
    "s": 24.022346368715088,
    "l": 35.09803921568627
  },
  "hex": "#4B6F44",
  "rgb": {
    "r": 75,
    "g": 111,
    "b": 68
  },
  "rgbChannels": "75 111 68",
  "isLight": false,
  "isDark": true,
  "lightModeContrast": 5.74332591925629,
  "darkModeContrast": 3.65641795280866,
  "luminosity": 0.132820897640433,
  "shades": [
    "green"
  ],
  "group": "misc"
}