{
  "name": "pantone-fandangopink",
  "hsl": {
    "h": 338.1428571428571,
    "s": 67.96116504854369,
    "l": 59.6078431372549
  },
  "hex": "#DE5285",
  "rgb": {
    "r": 222,
    "g": 82,
    "b": 133
  },
  "rgbChannels": "222 82 133",
  "isLight": false,
  "isDark": true,
  "lightModeContrast": 3.7158096165134307,
  "darkModeContrast": 5.65152743743218,
  "luminosity": 0.23257637187160898,
  "shades": [
    "red"
  ],
  "group": "misc"
}