{
  "name": "pantone-superpink",
  "hsl": {
    "h": 322.79999999999995,
    "s": 51.02040816326531,
    "l": 61.568627450980394
  },
  "hex": "#CF6BA9",
  "rgb": {
    "r": 207,
    "g": 107,
    "b": 169
  },
  "rgbChannels": "207 107 169",
  "isLight": true,
  "isDark": false,
  "lightModeContrast": 3.318021895456643,
  "darkModeContrast": 6.329072158551827,
  "luminosity": 0.2664536079275914,
  "shades": [
    "magenta"
  ],
  "group": "misc"
}