{
  "name": "pantone-pink",
  "hsl": {
    "h": 328.1118881118881,
    "s": 64.1255605381166,
    "l": 56.27450980392157
  },
  "hex": "#D74894",
  "rgb": {
    "r": 215,
    "g": 72,
    "b": 148
  },
  "rgbChannels": "215 72 148",
  "isLight": false,
  "isDark": true,
  "lightModeContrast": 4.004588747117593,
  "darkModeContrast": 5.243984170688014,
  "luminosity": 0.21219920853440072,
  "shades": [
    "magenta"
  ],
  "group": "misc"
}