{
  "name": "pantone-barbiepink",
  "hsl": {
    "h": 326.5979381443299,
    "s": 80.16528925619835,
    "l": 47.45098039215686
  },
  "hex": "#DA1884",
  "rgb": {
    "r": 218,
    "g": 24,
    "b": 132
  },
  "rgbChannels": "218 24 132",
  "isLight": false,
  "isDark": true,
  "lightModeContrast": 4.724486560257308,
  "darkModeContrast": 4.444927450244728,
  "luminosity": 0.1722463725122364,
  "shades": [
    "magenta"
  ],
  "group": "misc"
}