{
  "name": "pantone-fairytale",
  "hsl": {
    "h": 340.40816326530614,
    "s": 65.33333333333331,
    "l": 85.29411764705883
  },
  "hex": "#F2C1D1",
  "rgb": {
    "r": 242,
    "g": 193,
    "b": 209
  },
  "rgbChannels": "242 193 209",
  "isLight": true,
  "isDark": false,
  "lightModeContrast": 1.5760885255897148,
  "darkModeContrast": 13.324124666247771,
  "luminosity": 0.6162062333123886,
  "shades": [
    "red"
  ],
  "group": "misc"
}