{
  "name": "pantone-red",
  "hsl": {
    "h": 355.1020408163265,
    "s": 84.48275862068965,
    "l": 54.50980392156863
  },
  "hex": "#ED2939",
  "rgb": {
    "r": 237,
    "g": 41,
    "b": 57
  },
  "rgbChannels": "237 41 57",
  "isLight": false,
  "isDark": true,
  "lightModeContrast": 4.219272139148165,
  "darkModeContrast": 4.977161772798025,
  "luminosity": 0.19885808863990126,
  "shades": [
    "red"
  ],
  "group": "misc"
}