{
  "name": "pantone-paradisepink",
  "hsl": {
    "h": 347.1428571428571,
    "s": 77.06422018348623,
    "l": 57.25490196078431
  },
  "hex": "#E63E62",
  "rgb": {
    "r": 230,
    "g": 62,
    "b": 98
  },
  "rgbChannels": "230 62 98",
  "isLight": false,
  "isDark": true,
  "lightModeContrast": 4.0152833131155825,
  "darkModeContrast": 5.230017003135315,
  "luminosity": 0.21150085015676579,
  "shades": [
    "red",
    "pink"
  ],
  "group": "misc"
}