{
  "name": "pantone-redwood",
  "hsl": {
    "h": 5.853658536585385,
    "s": 33.33333333333333,
    "l": 48.235294117647065
  },
  "hex": "#A45A52",
  "rgb": {
    "r": 164,
    "g": 90,
    "b": 82
  },
  "rgbChannels": "164 90 82",
  "isLight": false,
  "isDark": true,
  "lightModeContrast": 5.044672233843614,
  "darkModeContrast": 4.162807616938033,
  "luminosity": 0.15814038084690168,
  "shades": [
    "red"
  ],
  "group": "misc"
}