{
  "name": "pantone-africanviolet",
  "hsl": {
    "h": 287.58620689655174,
    "s": 30.851063829787233,
    "l": 63.13725490196078
  },
  "hex": "#B284BE",
  "rgb": {
    "r": 178,
    "g": 132,
    "b": 190
  },
  "rgbChannels": "178 132 190",
  "isLight": true,
  "isDark": false,
  "lightModeContrast": 3.02722677294944,
  "darkModeContrast": 6.937042241978988,
  "luminosity": 0.2968521120989494,
  "shades": [
    "magenta"
  ],
  "group": "misc"
}