{
  "name": "pantone-yellow",
  "hsl": {
    "h": 52.677165354330725,
    "s": 100,
    "l": 49.80392156862745
  },
  "hex": "#FEDF00",
  "rgb": {
    "r": 254,
    "g": 223,
    "b": 0
  },
  "rgbChannels": "254 223 0",
  "isLight": true,
  "isDark": false,
  "lightModeContrast": 1.3317068243275434,
  "darkModeContrast": 15.769236604013145,
  "luminosity": 0.7384618302006573,
  "shades": [
    "yellow"
  ],
  "group": "misc"
}