{
  "name": "pantone-chineseviolet",
  "hsl": {
    "h": 295.5,
    "s": 17.24137931034483,
    "l": 45.490196078431374
  },
  "hex": "#856088",
  "rgb": {
    "r": 133,
    "g": 96,
    "b": 136
  },
  "rgbChannels": "133 96 136",
  "isLight": false,
  "isDark": true,
  "lightModeContrast": 5.216131368573426,
  "darkModeContrast": 4.025972222732448,
  "luminosity": 0.15129861113662238,
  "shades": [
    "magenta"
  ],
  "group": "misc"
}