{
  "name": "pantone-orchidpink",
  "hsl": {
    "h": 341.88679245283015,
    "s": 67.08860759493669,
    "l": 84.50980392156863
  },
  "hex": "#F2BDCD",
  "rgb": {
    "r": 242,
    "g": 189,
    "b": 205
  },
  "rgbChannels": "242 189 205",
  "isLight": true,
  "isDark": false,
  "lightModeContrast": 1.6233712127680089,
  "darkModeContrast": 12.93604311498965,
  "luminosity": 0.5968021557494825,
  "shades": [
    "red"
  ],
  "group": "misc"
}