{
  "name": "plochere-chinapink",
  "hsl": {
    "h": 332.9729729729729,
    "s": 62.71186440677966,
    "l": 65.29411764705883
  },
  "hex": "#DE6FA1",
  "rgb": {
    "r": 222,
    "g": 111,
    "b": 161
  },
  "rgbChannels": "222 111 161",
  "isLight": true,
  "isDark": false,
  "lightModeContrast": 3.045978320537587,
  "darkModeContrast": 6.894336659721759,
  "luminosity": 0.294716832986088,
  "shades": [
    "red"
  ],
  "group": "misc"
}