{
  "name": "plochere-mimipink",
  "hsl": {
    "h": 335.6756756756756,
    "s": 100,
    "l": 92.74509803921569
  },
  "hex": "#FFDAE9",
  "rgb": {
    "r": 255,
    "g": 218,
    "b": 233
  },
  "rgbChannels": "255 218 233",
  "isLight": true,
  "isDark": false,
  "lightModeContrast": 1.276037242767112,
  "darkModeContrast": 16.457199912489298,
  "luminosity": 0.7728599956244648,
  "shades": [
    "red"
  ],
  "group": "misc"
}