{
  "name": "plochere-charmpink",
  "hsl": {
    "h": 340,
    "s": 63.50364963503649,
    "l": 73.13725490196079
  },
  "hex": "#E68FAC",
  "rgb": {
    "r": 230,
    "g": 143,
    "b": 172
  },
  "rgbChannels": "230 143 172",
  "isLight": true,
  "isDark": false,
  "lightModeContrast": 2.3623921617915693,
  "darkModeContrast": 8.889294647876843,
  "luminosity": 0.39446473239384217,
  "shades": [
    "red"
  ],
  "group": "misc"
}