{
  "name": "plochere-silverpink",
  "hsl": {
    "h": 2.6086956521738784,
    "s": 16.312056737588655,
    "l": 72.3529411764706
  },
  "hex": "#C4AEAD",
  "rgb": {
    "r": 196,
    "g": 174,
    "b": 173
  },
  "rgbChannels": "196 174 173",
  "isLight": true,
  "isDark": false,
  "lightModeContrast": 2.0989506772520437,
  "darkModeContrast": 10.004999273014505,
  "luminosity": 0.4502499636507252,
  "shades": [
    "red"
  ],
  "group": "misc"
}