{
  "name": "pourpre-avocado",
  "hsl": {
    "h": 80.78740157480314,
    "s": 95.48872180451127,
    "l": 26.078431372549016
  },
  "hex": "#568203",
  "rgb": {
    "r": 86,
    "g": 130,
    "b": 3
  },
  "rgbChannels": "86 130 3",
  "isLight": false,
  "isDark": true,
  "lightModeContrast": 4.5751092844432515,
  "darkModeContrast": 4.590054290376477,
  "luminosity": 0.17950271451882388,
  "shades": [
    "yellow"
  ],
  "group": "misc"
}