{
  "name": "pourpre-violet",
  "hsl": {
    "h": 279,
    "s": 94.33962264150942,
    "l": 41.568627450980394
  },
  "hex": "#8806CE",
  "rgb": {
    "r": 136,
    "g": 6,
    "b": 206
  },
  "rgbChannels": "136 6 206",
  "isLight": false,
  "isDark": true,
  "lightModeContrast": 7.0846755291550405,
  "darkModeContrast": 2.9641442171317878,
  "luminosity": 0.0982072108565894,
  "shades": [
    "purple",
    "magenta"
  ],
  "group": "misc"
}