{
  "name": "princeton-orange",
  "hsl": {
    "h": 25.492227979274617,
    "s": 85.02202643171806,
    "l": 55.490196078431374
  },
  "hex": "#EE7F2D",
  "rgb": {
    "r": 238,
    "g": 127,
    "b": 45
  },
  "rgbChannels": "238 127 45",
  "isLight": true,
  "isDark": false,
  "lightModeContrast": 2.724064116462252,
  "darkModeContrast": 7.709069648211051,
  "luminosity": 0.33545348241055256,
  "shades": [
    "red"
  ],
  "group": "misc"
}