{
  "name": "ral-blackolive",
  "hsl": {
    "h": 70,
    "s": 5.2631578947368425,
    "l": 22.352941176470587
  },
  "hex": "#3B3C36",
  "rgb": {
    "r": 59,
    "g": 60,
    "b": 54
  },
  "rgbChannels": "59 60 54",
  "isLight": false,
  "isDark": true,
  "lightModeContrast": 11.137197029283982,
  "darkModeContrast": 1.8855731783125422,
  "luminosity": 0.04427865891562712,
  "shades": [
    "gray",
    "yellow"
  ],
  "group": "misc"
}