{
  "name": "resene-spacecadet",
  "hsl": {
    "h": 226.1538461538462,
    "s": 47.27272727272728,
    "l": 21.56862745098039
  },
  "hex": "#1D2951",
  "rgb": {
    "r": 29,
    "g": 41,
    "b": 81
  },
  "rgbChannels": "29 41 81",
  "isLight": false,
  "isDark": true,
  "lightModeContrast": 14.11068775609342,
  "darkModeContrast": 1.488233625673672,
  "luminosity": 0.024411681283683595,
  "shades": [
    "blue"
  ],
  "group": "misc"
}