{
  "name": "resene-desire",
  "hsl": {
    "h": 352.0689655172414,
    "s": 80.55555555555554,
    "l": 57.647058823529406
  },
  "hex": "#EA3C53",
  "rgb": {
    "r": 234,
    "g": 60,
    "b": 83
  },
  "rgbChannels": "234 60 83",
  "isLight": false,
  "isDark": true,
  "lightModeContrast": 3.9850199967943234,
  "darkModeContrast": 5.269735162406479,
  "luminosity": 0.21348675812032394,
  "shades": [
    "red",
    "pink"
  ],
  "group": "misc"
}