{
  "name": "sacramentostate-green",
  "hsl": {
    "h": 159.62264150943395,
    "s": 86.88524590163934,
    "l": 11.96078431372549
  },
  "hex": "#043927",
  "rgb": {
    "r": 4,
    "g": 57,
    "b": 39
  },
  "rgbChannels": "4 57 39",
  "isLight": false,
  "isDark": true,
  "lightModeContrast": 12.965283520254927,
  "darkModeContrast": 1.6197100485456328,
  "luminosity": 0.030985502427281635,
  "shades": [
    "cyan"
  ],
  "group": "misc"
}