{
  "name": "social-tumblr",
  "hsl": {
    "h": 213.65853658536582,
    "s": 28.27586206896552,
    "l": 28.431372549019606
  },
  "hex": "#34465D",
  "rgb": {
    "r": 52,
    "g": 70,
    "b": 93
  },
  "rgbChannels": "52 70 93",
  "isLight": false,
  "isDark": true,
  "lightModeContrast": 9.63241277774183,
  "darkModeContrast": 2.180139128643439,
  "luminosity": 0.05900695643217195,
  "shades": [
    "blue"
  ],
  "group": "social"
}