{
  "name": "social-instagram",
  "hsl": {
    "h": 348.65853658536594,
    "s": 75.22935779816514,
    "l": 57.25490196078431
  },
  "hex": "#E4405F",
  "rgb": {
    "r": 228,
    "g": 64,
    "b": 95
  },
  "rgbChannels": "228 64 95",
  "isLight": false,
  "isDark": true,
  "lightModeContrast": 4.040482490929709,
  "darkModeContrast": 5.19739908467415,
  "luminosity": 0.2098699542337075,
  "shades": [
    "red",
    "pink"
  ],
  "group": "social"
}