{
  "name": "social-snapchat",
  "hsl": {
    "h": 59.29411764705884,
    "s": 100,
    "l": 50
  },
  "hex": "#FFFC00",
  "rgb": {
    "r": 255,
    "g": 252,
    "b": 0
  },
  "rgbChannels": "255 252 0",
  "isLight": true,
  "isDark": false,
  "lightModeContrast": 1.095109679402302,
  "darkModeContrast": 19.176161433858894,
  "luminosity": 0.9088080716929446,
  "shades": [
    "yellow"
  ],
  "group": "social"
}