{
  "name": "social-yahoo",
  "hsl": {
    "h": 266.53061224489795,
    "s": 100,
    "l": 28.823529411764703
  },
  "hex": "#410093",
  "rgb": {
    "r": 65,
    "g": 0,
    "b": 147
  },
  "rgbChannels": "65 0 147",
  "isLight": false,
  "isDark": true,
  "lightModeContrast": 12.757579404978857,
  "darkModeContrast": 1.6460802894790842,
  "luminosity": 0.03230401447395421,
  "shades": [
    "blue"
  ],
  "group": "social"
}