{
  "name": "social-flickr",
  "hsl": {
    "h": 328.9411764705883,
    "s": 100,
    "l": 50
  },
  "hex": "#FF0084",
  "rgb": {
    "r": 255,
    "g": 0,
    "b": 132
  },
  "rgbChannels": "255 0 132",
  "isLight": false,
  "isDark": true,
  "lightModeContrast": 3.759944630507486,
  "darkModeContrast": 5.58518863006916,
  "luminosity": 0.229259431503458,
  "shades": [
    "magenta"
  ],
  "group": "social"
}