{
  "name": "social-vine",
  "hsl": {
    "h": 165.66666666666663,
    "s": 100,
    "l": 35.294117647058826
  },
  "hex": "#00B489",
  "rgb": {
    "r": 0,
    "g": 180,
    "b": 137
  },
  "rgbChannels": "0 180 137",
  "isLight": true,
  "isDark": false,
  "lightModeContrast": 2.6616874222432565,
  "darkModeContrast": 7.88973183872256,
  "luminosity": 0.344486591936128,
  "shades": [
    "cyan"
  ],
  "group": "social"
}