{
  "name": "social-skype",
  "hsl": {
    "h": 196.25,
    "s": 100,
    "l": 47.05882352941176
  },
  "hex": "#00AFF0",
  "rgb": {
    "r": 0,
    "g": 175,
    "b": 240
  },
  "rgbChannels": "0 175 240",
  "isLight": true,
  "isDark": false,
  "lightModeContrast": 2.502907250818178,
  "darkModeContrast": 8.390242983688383,
  "luminosity": 0.3695121491844192,
  "shades": [
    "cyan"
  ],
  "group": "social"
}