{
  "name": "social-dribbble",
  "hsl": {
    "h": 336.83544303797476,
    "s": 78.99999999999999,
    "l": 60.78431372549019
  },
  "hex": "#EA4C89",
  "rgb": {
    "r": 234,
    "g": 76,
    "b": 137
  },
  "rgbChannels": "234 76 137",
  "isLight": false,
  "isDark": true,
  "lightModeContrast": 3.5632536053245754,
  "darkModeContrast": 5.89349014300292,
  "luminosity": 0.244674507150146,
  "shades": [
    "red"
  ],
  "group": "social"
}