{
  "name": "social-youtube",
  "hsl": {
    "h": 0.3448275862069181,
    "s": 73.72881355932203,
    "l": 46.27450980392157
  },
  "hex": "#CD201F",
  "rgb": {
    "r": 205,
    "g": 32,
    "b": 31
  },
  "rgbChannels": "205 32 31",
  "isLight": false,
  "isDark": true,
  "lightModeContrast": 5.4941925270802905,
  "darkModeContrast": 3.822217713793835,
  "luminosity": 0.14111088568969174,
  "shades": [
    "red"
  ],
  "group": "social"
}