{
  "name": "social-foursquare",
  "hsl": {
    "h": 344.06779661016947,
    "s": 93.65079365079366,
    "l": 62.94117647058823
  },
  "hex": "#F94877",
  "rgb": {
    "r": 249,
    "g": 72,
    "b": 119
  },
  "rgbChannels": "249 72 119",
  "isLight": false,
  "isDark": true,
  "lightModeContrast": 3.375513746126985,
  "darkModeContrast": 6.221275213023527,
  "luminosity": 0.26106376065117637,
  "shades": [
    "red"
  ],
  "group": "social"
}