{
  "name": "social-vk",
  "hsl": {
    "h": 211.72413793103442,
    "s": 36.40167364016736,
    "l": 46.86274509803921
  },
  "hex": "#4C75A3",
  "rgb": {
    "r": 76,
    "g": 117,
    "b": 163
  },
  "rgbChannels": "76 117 163",
  "isLight": false,
  "isDark": true,
  "lightModeContrast": 4.793771319383111,
  "darkModeContrast": 4.380684559375769,
  "luminosity": 0.16903422796878845,
  "shades": [
    "blue"
  ],
  "group": "social"
}