{
  "name": "social-reddit",
  "hsl": {
    "h": 20.470588235294144,
    "s": 100,
    "l": 50
  },
  "hex": "#FF5700",
  "rgb": {
    "r": 255,
    "g": 87,
    "b": 0
  },
  "rgbChannels": "255 87 0",
  "isLight": false,
  "isDark": true,
  "lightModeContrast": 3.174469764001277,
  "darkModeContrast": 6.615278002689318,
  "luminosity": 0.28076390013446595,
  "shades": [
    "red"
  ],
  "group": "social"
}