{
  "name": "social-dropbox",
  "hsl": {
    "h": 206.98689956331873,
    "s": 100,
    "l": 44.90196078431373
  },
  "hex": "#007EE5",
  "rgb": {
    "r": 0,
    "g": 126,
    "b": 229
  },
  "rgbChannels": "0 126 229",
  "isLight": false,
  "isDark": true,
  "lightModeContrast": 4.104953607369128,
  "darkModeContrast": 5.115770361521561,
  "luminosity": 0.20578851807607806,
  "shades": [
    "cyan"
  ],
  "group": "social"
}