{
  "name": "social-wordpress",
  "hsl": {
    "h": 198.68852459016398,
    "s": 64.8936170212766,
    "l": 36.86274509803921
  },
  "hex": "#21759B",
  "rgb": {
    "r": 33,
    "g": 117,
    "b": 155
  },
  "rgbChannels": "33 117 155",
  "isLight": false,
  "isDark": true,
  "lightModeContrast": 5.143914379999263,
  "darkModeContrast": 4.0824940791497015,
  "luminosity": 0.15412470395748512,
  "shades": [
    "cyan"
  ],
  "group": "social"
}