{
  "name": "social-twitter",
  "hsl": {
    "h": 205.88235294117646,
    "s": 81.81818181818183,
    "l": 63.33333333333333
  },
  "hex": "#55ACEE",
  "rgb": {
    "r": 85,
    "g": 172,
    "b": 238
  },
  "rgbChannels": "85 172 238",
  "isLight": true,
  "isDark": false,
  "lightModeContrast": 2.464245607642264,
  "darkModeContrast": 8.521877825357,
  "luminosity": 0.3760938912678501,
  "shades": [
    "cyan"
  ],
  "group": "social"
}