{
  "name": "social-blogger",
  "hsl": {
    "h": 30.612244897959158,
    "s": 100,
    "l": 48.03921568627451
  },
  "hex": "#F57D00",
  "rgb": {
    "r": 245,
    "g": 125,
    "b": 0
  },
  "rgbChannels": "245 125 0",
  "isLight": true,
  "isDark": false,
  "lightModeContrast": 2.6868163519868387,
  "darkModeContrast": 7.815941712752711,
  "luminosity": 0.34079708563763556,
  "shades": [],
  "group": "social"
}