{
  "name": "social-yelp",
  "hsl": {
    "h": 0,
    "s": 93.37016574585635,
    "l": 35.490196078431374
  },
  "hex": "#AF0606",
  "rgb": {
    "r": 175,
    "g": 6,
    "b": 6
  },
  "rgbChannels": "175 6 6",
  "isLight": false,
  "isDark": true,
  "lightModeContrast": 7.364618198366351,
  "darkModeContrast": 2.851471649223894,
  "luminosity": 0.0925735824611947,
  "shades": [
    "red"
  ],
  "group": "social"
}