{
  "name": "social-slack",
  "hsl": {
    "h": 158.46153846153845,
    "s": 50.21459227467812,
    "l": 45.68627450980392
  },
  "hex": "#3AAF85",
  "rgb": {
    "r": 58,
    "g": 175,
    "b": 133
  },
  "rgbChannels": "58 175 133",
  "isLight": true,
  "isDark": false,
  "lightModeContrast": 2.744887051708734,
  "darkModeContrast": 7.650588022165495,
  "luminosity": 0.3325294011082748,
  "shades": [
    "cyan"
  ],
  "group": "social"
}