{
  "name": "social-quora",
  "hsl": {
    "h": 1.6438356164383663,
    "s": 65.17857142857143,
    "l": 43.92156862745098
  },
  "hex": "#B92B27",
  "rgb": {
    "r": 185,
    "g": 43,
    "b": 39
  },
  "rgbChannels": "185 43 39",
  "isLight": false,
  "isDark": true,
  "lightModeContrast": 6.108726598470058,
  "darkModeContrast": 3.437705004715629,
  "luminosity": 0.12188525023578146,
  "shades": [
    "red"
  ],
  "group": "social"
}