{
  "name": "social-messenger",
  "hsl": {
    "h": 208.9411764705883,
    "s": 100,
    "l": 50
  },
  "hex": "#0084FF",
  "rgb": {
    "r": 0,
    "g": 132,
    "b": 255
  },
  "rgbChannels": "0 132 255",
  "isLight": false,
  "isDark": true,
  "lightModeContrast": 3.6556670433494918,
  "darkModeContrast": 5.74450565409229,
  "luminosity": 0.23722528270461452,
  "shades": [
    "cyan"
  ],
  "group": "social"
}