{
  "name": "social-weibo",
  "hsl": {
    "h": 357.17277486910996,
    "s": 74.90196078431373,
    "l": 50
  },
  "hex": "#DF2029",
  "rgb": {
    "r": 223,
    "g": 32,
    "b": 41
  },
  "rgbChannels": "223 32 41",
  "isLight": false,
  "isDark": true,
  "lightModeContrast": 4.798663079806478,
  "darkModeContrast": 4.37621888654181,
  "luminosity": 0.1688109443270905,
  "shades": [
    "red"
  ],
  "group": "social"
}