{
  "name": "social-whatsapp",
  "hsl": {
    "h": 142.41379310344826,
    "s": 70.16129032258064,
    "l": 48.627450980392155
  },
  "hex": "#25D366",
  "rgb": {
    "r": 37,
    "g": 211,
    "b": 102
  },
  "rgbChannels": "37 211 102",
  "isLight": true,
  "isDark": false,
  "lightModeContrast": 1.9833341320730407,
  "darkModeContrast": 10.588231029962746,
  "luminosity": 0.47941155149813736,
  "shades": [
    "green"
  ],
  "group": "social"
}