{
  "name": "social-medium",
  "hsl": {
    "h": 157.91208791208794,
    "s": 97.8494623655914,
    "l": 36.470588235294116
  },
  "hex": "#02B875",
  "rgb": {
    "r": 2,
    "g": 184,
    "b": 117
  },
  "rgbChannels": "2 184 117",
  "isLight": true,
  "isDark": false,
  "lightModeContrast": 2.587593755913214,
  "darkModeContrast": 8.115647965222685,
  "luminosity": 0.3557823982611343,
  "shades": [
    "cyan"
  ],
  "group": "social"
}