{
  "name": "social-vimeo",
  "hsl": {
    "h": 194.71153846153845,
    "s": 83.19999999999999,
    "l": 50.98039215686274
  },
  "hex": "#1AB7EA",
  "rgb": {
    "r": 26,
    "g": 183,
    "b": 234
  },
  "rgbChannels": "26 183 234",
  "isLight": true,
  "isDark": false,
  "lightModeContrast": 2.3319291083864937,
  "darkModeContrast": 9.005419557771335,
  "luminosity": 0.40027097788856675,
  "shades": [
    "cyan"
  ],
  "group": "social"
}