{
  "name": "spanish-red",
  "hsl": {
    "h": 350.0869565217391,
    "s": 100,
    "l": 45.09803921568628
  },
  "hex": "#E60026",
  "rgb": {
    "r": 230,
    "g": 0,
    "b": 38
  },
  "rgbChannels": "230 0 38",
  "isLight": false,
  "isDark": true,
  "lightModeContrast": 4.780781834525993,
  "darkModeContrast": 4.392586971516159,
  "luminosity": 0.16962934857580797,
  "shades": [
    "red",
    "pink"
  ],
  "group": "misc"
}