{
  "name": "spanish-gray",
  "hsl": {
    "h": 0,
    "s": 0,
    "l": 59.6078431372549
  },
  "hex": "#989898",
  "rgb": {
    "r": 152,
    "g": 152,
    "b": 152
  },
  "rgbChannels": "152 152 152",
  "isLight": true,
  "isDark": false,
  "lightModeContrast": 2.8847048312626273,
  "darkModeContrast": 7.27977426751435,
  "luminosity": 0.31398871337571754,
  "shades": [
    "gray",
    "red"
  ],
  "group": "misc"
}