{
  "name": "trad-viridian",
  "hsl": {
    "h": 160.90909090909088,
    "s": 34.020618556701024,
    "l": 38.03921568627451
  },
  "hex": "#40826D",
  "rgb": {
    "r": 64,
    "g": 130,
    "b": 109
  },
  "rgbChannels": "64 130 109",
  "isLight": false,
  "isDark": true,
  "lightModeContrast": 4.53380032149521,
  "darkModeContrast": 4.631875801948501,
  "luminosity": 0.18159379009742507,
  "shades": [
    "cyan"
  ],
  "group": "misc"
}