{
  "name": "trad-platinum",
  "hsl": {
    "h": 40.00000000000017,
    "s": 5.4545454545454835,
    "l": 89.21568627450979
  },
  "hex": "#E5E4E2",
  "rgb": {
    "r": 229,
    "g": 228,
    "b": 226
  },
  "rgbChannels": "229 228 226",
  "isLight": true,
  "isDark": false,
  "lightModeContrast": 1.2706356458817745,
  "darkModeContrast": 16.527161085132924,
  "luminosity": 0.7763580542566462,
  "shades": [
    "gray",
    "orange",
    "yellow"
  ],
  "group": "misc"
}