{
  "name": "trad-cinereous",
  "hsl": {
    "h": 12.413793103448256,
    "s": 12.340425531914894,
    "l": 53.92156862745098
  },
  "hex": "#98817B",
  "rgb": {
    "r": 152,
    "g": 129,
    "b": 123
  },
  "rgbChannels": "152 129 123",
  "isLight": true,
  "isDark": false,
  "lightModeContrast": 3.6450771901388626,
  "darkModeContrast": 5.7611948676455835,
  "luminosity": 0.2380597433822792,
  "shades": [
    "red"
  ],
  "group": "misc"
}