{
  "name": "trad-amaranth",
  "hsl": {
    "h": 341.81818181818176,
    "s": 62.857142857142854,
    "l": 41.17647058823529
  },
  "hex": "#AB274F",
  "rgb": {
    "r": 171,
    "g": 39,
    "b": 79
  },
  "rgbChannels": "171 39 79",
  "isLight": false,
  "isDark": true,
  "lightModeContrast": 6.699215017512018,
  "darkModeContrast": 3.134695624055229,
  "luminosity": 0.10673478120276148,
  "shades": [
    "red"
  ],
  "group": "misc"
}