{
  "name": "trad-champagne",
  "hsl": {
    "h": 36.585365853658516,
    "s": 71.92982456140355,
    "l": 88.8235294117647
  },
  "hex": "#F7E7CE",
  "rgb": {
    "r": 247,
    "g": 231,
    "b": 206
  },
  "rgbChannels": "247 231 206",
  "isLight": true,
  "isDark": false,
  "lightModeContrast": 1.2155279732133537,
  "darkModeContrast": 17.276443210504382,
  "luminosity": 0.8138221605252192,
  "shades": [
    "yellow"
  ],
  "group": "misc"
}