{
  "name": "trad-laurelgreen",
  "hsl": {
    "h": 95.17241379310349,
    "s": 17.365269461077837,
    "l": 67.25490196078432
  },
  "hex": "#A9BA9D",
  "rgb": {
    "r": 169,
    "g": 186,
    "b": 157
  },
  "rgbChannels": "169 186 157",
  "isLight": true,
  "isDark": false,
  "lightModeContrast": 2.0593424559703988,
  "darkModeContrast": 10.197429737398595,
  "luminosity": 0.45987148686992974,
  "shades": [
    "green"
  ],
  "group": "misc"
}