{
  "name": "trad-shamrockgreen",
  "hsl": {
    "h": 156.4556962025316,
    "s": 100,
    "l": 30.980392156862745
  },
  "hex": "#009E60",
  "rgb": {
    "r": 0,
    "g": 158,
    "b": 96
  },
  "rgbChannels": "0 158 96",
  "isLight": false,
  "isDark": true,
  "lightModeContrast": 3.4655469312562284,
  "darkModeContrast": 6.059649578136775,
  "luminosity": 0.2529824789068388,
  "shades": [
    "cyan"
  ],
  "group": "misc"
}