{
  "name": "trad-cherryblossompink",
  "hsl": {
    "h": 348.33333333333326,
    "s": 100,
    "l": 85.88235294117648
  },
  "hex": "#FFB7C5",
  "rgb": {
    "r": 255,
    "g": 183,
    "b": 197
  },
  "rgbChannels": "255 183 197",
  "isLight": true,
  "isDark": false,
  "lightModeContrast": 1.6365798293838052,
  "darkModeContrast": 12.83163804353301,
  "luminosity": 0.5915819021766505,
  "shades": [
    "red",
    "pink"
  ],
  "group": "misc"
}