{
  "name": "trad-persianpink",
  "hsl": {
    "h": 328.5,
    "s": 88.23529411764707,
    "l": 73.33333333333334
  },
  "hex": "#F77FBE",
  "rgb": {
    "r": 247,
    "g": 127,
    "b": 190
  },
  "rgbChannels": "247 127 190",
  "isLight": true,
  "isDark": false,
  "lightModeContrast": 2.404363237077306,
  "darkModeContrast": 8.734121232666643,
  "luminosity": 0.3867060616333322,
  "shades": [
    "magenta"
  ],
  "group": "misc"
}