{
  "name": "trad-periwinkle",
  "hsl": {
    "h": 240,
    "s": 100,
    "l": 90
  },
  "hex": "#CCCCFF",
  "rgb": {
    "r": 204,
    "g": 204,
    "b": 255
  },
  "rgbChannels": "204 204 255",
  "isLight": true,
  "isDark": false,
  "lightModeContrast": 1.5386170797081724,
  "darkModeContrast": 13.648620099799649,
  "luminosity": 0.6324310049899824,
  "shades": [
    "blue"
  ],
  "group": "misc"
}