{
  "name": "trad-harlequin",
  "hsl": {
    "h": 105.1764705882353,
    "s": 100,
    "l": 50
  },
  "hex": "#3FFF00",
  "rgb": {
    "r": 63,
    "g": 255,
    "b": 0
  },
  "rgbChannels": "63 255 0",
  "isLight": true,
  "isDark": false,
  "lightModeContrast": 1.3534981074759722,
  "darkModeContrast": 15.515352318564508,
  "luminosity": 0.7257676159282254,
  "shades": [
    "green"
  ],
  "group": "misc"
}