{
  "name": "trad-buff",
  "hsl": {
    "h": 49.09090909090912,
    "s": 78.57142857142857,
    "l": 72.54901960784314
  },
  "hex": "#F0DC82",
  "rgb": {
    "r": 240,
    "g": 220,
    "b": 130
  },
  "rgbChannels": "240 220 130",
  "isLight": true,
  "isDark": false,
  "lightModeContrast": 1.3757254174177402,
  "darkModeContrast": 15.264673992443457,
  "luminosity": 0.7132336996221729,
  "shades": [
    "yellow"
  ],
  "group": "misc"
}