{
  "name": "trad-mauve",
  "hsl": {
    "h": 276.4556962025316,
    "s": 100,
    "l": 84.50980392156863
  },
  "hex": "#E0B0FF",
  "rgb": {
    "r": 224,
    "g": 176,
    "b": 255
  },
  "rgbChannels": "224 176 255",
  "isLight": true,
  "isDark": false,
  "lightModeContrast": 1.7761099544003585,
  "darkModeContrast": 11.823592310809335,
  "luminosity": 0.5411796155404668,
  "shades": [
    "purple",
    "magenta"
  ],
  "group": "misc"
}