{
  "name": "trad-orangepeel",
  "hsl": {
    "h": 37.411764705882376,
    "s": 100,
    "l": 50
  },
  "hex": "#FF9F00",
  "rgb": {
    "r": 255,
    "g": 159,
    "b": 0
  },
  "rgbChannels": "255 159 0",
  "isLight": true,
  "isDark": false,
  "lightModeContrast": 2.05655429874743,
  "darkModeContrast": 10.211254822102344,
  "luminosity": 0.4605627411051172,
  "shades": [
    "orange",
    "yellow"
  ],
  "group": "misc"
}