{
  "name": "trad-heliotrope",
  "hsl": {
    "h": 286.2857142857142,
    "s": 100,
    "l": 72.54901960784314
  },
  "hex": "#DF73FF",
  "rgb": {
    "r": 223,
    "g": 115,
    "b": 255
  },
  "rgbChannels": "223 115 255",
  "isLight": true,
  "isDark": false,
  "lightModeContrast": 2.6139272203447375,
  "darkModeContrast": 8.033888562983945,
  "luminosity": 0.35169442814919727,
  "shades": [
    "magenta"
  ],
  "group": "misc"
}