{
  "name": "trad-malachite",
  "hsl": {
    "h": 140.28985507246375,
    "s": 90.39301310043669,
    "l": 44.90196078431372
  },
  "hex": "#0BDA51",
  "rgb": {
    "r": 11,
    "g": 218,
    "b": 81
  },
  "rgbChannels": "11 218 81",
  "isLight": true,
  "isDark": false,
  "lightModeContrast": 1.8814494809201965,
  "darkModeContrast": 11.1616071613728,
  "luminosity": 0.5080803580686399,
  "shades": [
    "green"
  ],
  "group": "misc"
}