{
  "name": "trad-ebony",
  "hsl": {
    "h": 96.9230769230769,
    "s": 7.5144508670520205,
    "l": 33.92156862745098
  },
  "hex": "#555D50",
  "rgb": {
    "r": 85,
    "g": 93,
    "b": 80
  },
  "rgbChannels": "85 93 80",
  "isLight": false,
  "isDark": true,
  "lightModeContrast": 6.845214442427019,
  "darkModeContrast": 3.067836687458735,
  "luminosity": 0.10339183437293677,
  "shades": [
    "gray",
    "green"
  ],
  "group": "misc"
}