{
  "name": "trad-vermilion",
  "hsl": {
    "h": 4.800000000000011,
    "s": 75.75757575757575,
    "l": 54.705882352941174
  },
  "hex": "#E34234",
  "rgb": {
    "r": 227,
    "g": 66,
    "b": 52
  },
  "rgbChannels": "227 66 52",
  "isLight": false,
  "isDark": true,
  "lightModeContrast": 4.1216464836503395,
  "darkModeContrast": 5.095051233360832,
  "luminosity": 0.20475256166804162,
  "shades": [
    "red"
  ],
  "group": "misc"
}