{
  "name": "trad-chestnut",
  "hsl": {
    "h": 10,
    "s": 47.52475247524752,
    "l": 39.6078431372549
  },
  "hex": "#954535",
  "rgb": {
    "r": 149,
    "g": 69,
    "b": 53
  },
  "rgbChannels": "149 69 53",
  "isLight": false,
  "isDark": true,
  "lightModeContrast": 6.602591631269264,
  "darkModeContrast": 3.180569263218694,
  "luminosity": 0.10902846316093472,
  "shades": [
    "red"
  ],
  "group": "misc"
}