{
  "name": "trad-chocolate",
  "hsl": {
    "h": 30.731707317073187,
    "s": 100,
    "l": 24.11764705882353
  },
  "hex": "#7B3F00",
  "rgb": {
    "r": 123,
    "g": 63,
    "b": 0
  },
  "rgbChannels": "123 63 0",
  "isLight": false,
  "isDark": true,
  "lightModeContrast": 8.224993630395268,
  "darkModeContrast": 2.5531934666058587,
  "luminosity": 0.07765967333029292,
  "shades": [],
  "group": "misc"
}