{
  "name": "trad-pumpkin",
  "hsl": {
    "h": 24.155844155844136,
    "s": 100,
    "l": 54.70588235294118
  },
  "hex": "#FF7518",
  "rgb": {
    "r": 255,
    "g": 117,
    "b": 24
  },
  "rgbChannels": "255 117 24",
  "isLight": true,
  "isDark": false,
  "lightModeContrast": 2.6889618367457704,
  "darkModeContrast": 7.809705482995837,
  "luminosity": 0.3404852741497919,
  "shades": [
    "red"
  ],
  "group": "misc"
}