{
  "name": "trad-peach",
  "hsl": {
    "h": 39.19999999999999,
    "s": 100,
    "l": 85.29411764705883
  },
  "hex": "#FFE5B4",
  "rgb": {
    "r": 255,
    "g": 229,
    "b": 180
  },
  "rgbChannels": "255 229 180",
  "isLight": true,
  "isDark": false,
  "lightModeContrast": 1.2267227827719829,
  "darkModeContrast": 17.118782087463174,
  "luminosity": 0.8059391043731587,
  "shades": [
    "orange",
    "yellow"
  ],
  "group": "misc"
}