{
  "name": "up-forestgreen",
  "hsl": {
    "h": 148.65671641791045,
    "s": 97.10144927536233,
    "l": 13.529411764705882
  },
  "hex": "#014421",
  "rgb": {
    "r": 1,
    "g": 68,
    "b": 33
  },
  "rgbChannels": "1 68 33",
  "isLight": false,
  "isDark": true,
  "lightModeContrast": 11.35073433148419,
  "darkModeContrast": 1.8501005650137614,
  "luminosity": 0.04250502825068807,
  "shades": [
    "green"
  ],
  "group": "misc"
}