{
  "name": "uta-burntorange",
  "hsl": {
    "h": 27.32984293193715,
    "s": 100,
    "l": 37.450980392156865
  },
  "hex": "#BF5700",
  "rgb": {
    "r": 191,
    "g": 87,
    "b": 0
  },
  "rgbChannels": "191 87 0",
  "isLight": false,
  "isDark": true,
  "lightModeContrast": 4.586603747478458,
  "darkModeContrast": 4.578551179954233,
  "luminosity": 0.17892755899771168,
  "shades": [
    "red"
  ],
  "group": "misc"
}