{
  "name": "web-darkgreen",
  "hsl": {
    "h": 120,
    "s": 100,
    "l": 19.607843137254903
  },
  "hex": "#006400",
  "rgb": {
    "r": 0,
    "g": 100,
    "b": 0
  },
  "rgbChannels": "0 100 0",
  "isLight": false,
  "isDark": true,
  "lightModeContrast": 7.439241111579327,
  "darkModeContrast": 2.822868580951501,
  "luminosity": 0.09114342904757504,
  "shades": [
    "green"
  ],
  "group": "misc"
}