{
  "name": "web-deepskyblue",
  "hsl": {
    "h": 195.0588235294117,
    "s": 100,
    "l": 50
  },
  "hex": "#00BFFF",
  "rgb": {
    "r": 0,
    "g": 191,
    "b": 255
  },
  "rgbChannels": "0 191 255",
  "isLight": true,
  "isDark": false,
  "lightModeContrast": 2.122000759769013,
  "darkModeContrast": 9.896320679115082,
  "luminosity": 0.44481603395575414,
  "shades": [
    "cyan"
  ],
  "group": "misc"
}