{
  "name": "web-lightyellow",
  "hsl": {
    "h": 60,
    "s": 100,
    "l": 93.92156862745098
  },
  "hex": "#FFFFE0",
  "rgb": {
    "r": 255,
    "g": 255,
    "b": 224
  },
  "rgbChannels": "255 255 224",
  "isLight": true,
  "isDark": false,
  "lightModeContrast": 1.0178184296841093,
  "darkModeContrast": 20.632363678576315,
  "luminosity": 0.981618183928816,
  "shades": [
    "yellow"
  ],
  "group": "misc"
}