{
  "name": "web-orange",
  "hsl": {
    "h": 38.823529411764696,
    "s": 100,
    "l": 50
  },
  "hex": "#FFA500",
  "rgb": {
    "r": 255,
    "g": 165,
    "b": 0
  },
  "rgbChannels": "255 165 0",
  "isLight": true,
  "isDark": false,
  "lightModeContrast": 1.9747879003183526,
  "darkModeContrast": 10.634053407261925,
  "luminosity": 0.4817026703630963,
  "shades": [
    "orange",
    "yellow"
  ],
  "group": "misc"
}