{
  "name": "web-darkkhaki",
  "hsl": {
    "h": 55.60975609756099,
    "s": 38.317757009345804,
    "l": 58.03921568627452
  },
  "hex": "#BDB76B",
  "rgb": {
    "r": 189,
    "g": 183,
    "b": 107
  },
  "rgbChannels": "189 183 107",
  "isLight": true,
  "isDark": false,
  "lightModeContrast": 2.069074521795217,
  "darkModeContrast": 10.149465269998833,
  "luminosity": 0.45747326349994166,
  "shades": [
    "yellow"
  ],
  "group": "misc"
}