{
  "name": "web-lemonchiffon",
  "hsl": {
    "h": 54,
    "s": 100,
    "l": 90.19607843137256
  },
  "hex": "#FFFACD",
  "rgb": {
    "r": 255,
    "g": 250,
    "b": 205
  },
  "rgbChannels": "255 250 205",
  "isLight": true,
  "isDark": false,
  "lightModeContrast": 1.0601884936348571,
  "darkModeContrast": 19.807798449124345,
  "luminosity": 0.9403899224562173,
  "shades": [
    "yellow"
  ],
  "group": "misc"
}