{
  "name": "web-turquoise",
  "hsl": {
    "h": 174,
    "s": 72.07207207207207,
    "l": 56.470588235294116
  },
  "hex": "#40E0D0",
  "rgb": {
    "r": 64,
    "g": 224,
    "b": 208
  },
  "rgbChannels": "64 224 208",
  "isLight": true,
  "isDark": false,
  "lightModeContrast": 1.6417700249072606,
  "darkModeContrast": 12.791072855155969,
  "luminosity": 0.5895536427577984,
  "shades": [
    "cyan"
  ],
  "group": "misc"
}