{
  "name": "web-indianred",
  "hsl": {
    "h": 0,
    "s": 53.05164319248827,
    "l": 58.235294117647065
  },
  "hex": "#CD5C5C",
  "rgb": {
    "r": 205,
    "g": 92,
    "b": 92
  },
  "rgbChannels": "205 92 92",
  "isLight": false,
  "isDark": true,
  "lightModeContrast": 3.976348683501384,
  "darkModeContrast": 5.2812269927768,
  "luminosity": 0.21406134963883997,
  "shades": [
    "red"
  ],
  "group": "misc"
}