{
  "name": "web-lightpink",
  "hsl": {
    "h": 350.95890410958907,
    "s": 100,
    "l": 85.68627450980392
  },
  "hex": "#FFB6C1",
  "rgb": {
    "r": 255,
    "g": 182,
    "b": 193
  },
  "rgbChannels": "255 182 193",
  "isLight": true,
  "isDark": false,
  "lightModeContrast": 1.6518224791407834,
  "darkModeContrast": 12.71323054697949,
  "luminosity": 0.5856615273489745,
  "shades": [
    "red",
    "pink"
  ],
  "group": "misc"
}