{
  "name": "web-deeppink",
  "hsl": {
    "h": 327.57446808510645,
    "s": 100,
    "l": 53.92156862745098
  },
  "hex": "#FF1493",
  "rgb": {
    "r": 255,
    "g": 20,
    "b": 147
  },
  "rgbChannels": "255 20 147",
  "isLight": false,
  "isDark": true,
  "lightModeContrast": 3.6373845190915866,
  "darkModeContrast": 5.773379165655165,
  "luminosity": 0.2386689582827583,
  "shades": [
    "magenta"
  ],
  "group": "misc"
}