{
  "name": "web-olivedrab",
  "hsl": {
    "h": 79.62616822429908,
    "s": 60.451977401129945,
    "l": 34.705882352941174
  },
  "hex": "#6B8E23",
  "rgb": {
    "r": 107,
    "g": 142,
    "b": 35
  },
  "rgbChannels": "107 142 35",
  "isLight": false,
  "isDark": true,
  "lightModeContrast": 3.8052921242276216,
  "darkModeContrast": 5.518630190385836,
  "luminosity": 0.2259315095192918,
  "shades": [
    "yellow"
  ],
  "group": "misc"
}