{
  "name": "web-snow",
  "hsl": {
    "h": 0,
    "s": 100,
    "l": 99.01960784313727
  },
  "hex": "#FFFAFA",
  "rgb": {
    "r": 255,
    "g": 250,
    "b": 250
  },
  "rgbChannels": "255 250 250",
  "isLight": true,
  "isDark": false,
  "lightModeContrast": 1.0341430519522343,
  "darkModeContrast": 20.306668366969756,
  "luminosity": 0.9653334183484878,
  "shades": [
    "red"
  ],
  "group": "misc"
}