{
  "name": "web-paleturquoise",
  "hsl": {
    "h": 180,
    "s": 64.94845360824742,
    "l": 80.98039215686275
  },
  "hex": "#AFEEEE",
  "rgb": {
    "r": 175,
    "g": 238,
    "b": 238
  },
  "rgbChannels": "175 238 238",
  "isLight": true,
  "isDark": false,
  "lightModeContrast": 1.2893548250314641,
  "darkModeContrast": 16.287215584342764,
  "luminosity": 0.7643607792171382,
  "shades": [
    "cyan"
  ],
  "group": "misc"
}