{
  "name": "web-lightsteelblue",
  "hsl": {
    "h": 213.91304347826087,
    "s": 41.07142857142858,
    "l": 78.03921568627452
  },
  "hex": "#B0C4DE",
  "rgb": {
    "r": 176,
    "g": 196,
    "b": 222
  },
  "rgbChannels": "176 196 222",
  "isLight": true,
  "isDark": false,
  "lightModeContrast": 1.7801471393892017,
  "darkModeContrast": 11.796777656933152,
  "luminosity": 0.5398388828466576,
  "shades": [
    "blue"
  ],
  "group": "misc"
}