{
  "name": "web-blueviolet",
  "hsl": {
    "h": 271.14754098360663,
    "s": 75.93360995850621,
    "l": 52.74509803921569
  },
  "hex": "#8A2BE2",
  "rgb": {
    "r": 138,
    "g": 43,
    "b": 226
  },
  "rgbChannels": "138 43 226",
  "isLight": false,
  "isDark": true,
  "lightModeContrast": 5.958456172018622,
  "darkModeContrast": 3.52440286438921,
  "luminosity": 0.12622014321946048,
  "shades": [
    "violet",
    "magenta"
  ],
  "group": "misc"
}