{
  "name": "web-aliceblue",
  "hsl": {
    "h": 208,
    "s": 100,
    "l": 97.05882352941177
  },
  "hex": "#F0F8FF",
  "rgb": {
    "r": 240,
    "g": 248,
    "b": 255
  },
  "rgbChannels": "240 248 255",
  "isLight": true,
  "isDark": false,
  "lightModeContrast": 1.0727413851826024,
  "darkModeContrast": 19.576013650694915,
  "luminosity": 0.9288006825347458,
  "shades": [
    "cyan"
  ],
  "group": "misc"
}