{
  "name": "web-darkcyan",
  "hsl": {
    "h": 180,
    "s": 100,
    "l": 27.254901960784313
  },
  "hex": "#008B8B",
  "rgb": {
    "r": 0,
    "g": 139,
    "b": 139
  },
  "rgbChannels": "0 139 139",
  "isLight": false,
  "isDark": true,
  "lightModeContrast": 4.145393913378002,
  "darkModeContrast": 5.06586356780929,
  "luminosity": 0.2032931783904645,
  "shades": [
    "cyan"
  ],
  "group": "misc"
}