{
  "name": "web-darkviolet",
  "hsl": {
    "h": 282.085308056872,
    "s": 100,
    "l": 41.37254901960784
  },
  "hex": "#9400D3",
  "rgb": {
    "r": 148,
    "g": 0,
    "b": 211
  },
  "rgbChannels": "148 0 211",
  "isLight": false,
  "isDark": true,
  "lightModeContrast": 6.562890352783881,
  "darkModeContrast": 3.199809667868687,
  "luminosity": 0.10999048339343437,
  "shades": [
    "magenta"
  ],
  "group": "misc"
}