{
  "name": "web-peru",
  "hsl": {
    "h": 29.577464788732414,
    "s": 58.67768595041323,
    "l": 52.54901960784314
  },
  "hex": "#CD853F",
  "rgb": {
    "r": 205,
    "g": 133,
    "b": 63
  },
  "rgbChannels": "205 133 63",
  "isLight": true,
  "isDark": false,
  "lightModeContrast": 2.9903390792465103,
  "darkModeContrast": 7.022614975587139,
  "luminosity": 0.30113074877935697,
  "shades": [
    "red"
  ],
  "group": "misc"
}