{
  "name": "web-darksalmon",
  "hsl": {
    "h": 15.135135135135158,
    "s": 71.61290322580643,
    "l": 69.6078431372549
  },
  "hex": "#E9967A",
  "rgb": {
    "r": 233,
    "g": 150,
    "b": 122
  },
  "rgbChannels": "233 150 122",
  "isLight": true,
  "isDark": false,
  "lightModeContrast": 2.3055908471000968,
  "darkModeContrast": 9.10829431267615,
  "luminosity": 0.4054147156338076,
  "shades": [
    "red"
  ],
  "group": "misc"
}