{
  "name": "web-tomato",
  "hsl": {
    "h": 9.130434782608688,
    "s": 100,
    "l": 63.921568627450974
  },
  "hex": "#FF6347",
  "rgb": {
    "r": 255,
    "g": 99,
    "b": 71
  },
  "rgbChannels": "255 99 71",
  "isLight": true,
  "isDark": false,
  "lightModeContrast": 2.946242628091934,
  "darkModeContrast": 7.127722543883009,
  "luminosity": 0.3063861271941505,
  "shades": [
    "red"
  ],
  "group": "misc"
}