{
  "name": "web-salmon",
  "hsl": {
    "h": 6.176470588235304,
    "s": 93.15068493150683,
    "l": 71.37254901960785
  },
  "hex": "#FA8072",
  "rgb": {
    "r": 250,
    "g": 128,
    "b": 114
  },
  "rgbChannels": "250 128 114",
  "isLight": true,
  "isDark": false,
  "lightModeContrast": 2.5013554054278186,
  "darkModeContrast": 8.395448305519091,
  "luminosity": 0.3697724152759546,
  "shades": [
    "red"
  ],
  "group": "misc"
}