{
  "name": "web-chocolate",
  "hsl": {
    "h": 25,
    "s": 74.99999999999999,
    "l": 47.05882352941176
  },
  "hex": "#D2691E",
  "rgb": {
    "r": 210,
    "g": 105,
    "b": 30
  },
  "rgbChannels": "210 105 30",
  "isLight": false,
  "isDark": true,
  "lightModeContrast": 3.6334032948174295,
  "darkModeContrast": 5.779705222911458,
  "luminosity": 0.23898526114557295,
  "shades": [
    "red"
  ],
  "group": "misc"
}