{
  "name": "web-forestgreen",
  "hsl": {
    "h": 120,
    "s": 60.69364161849712,
    "l": 33.921568627450974
  },
  "hex": "#228B22",
  "rgb": {
    "r": 34,
    "g": 139,
    "b": 34
  },
  "rgbChannels": "34 139 34",
  "isLight": false,
  "isDark": true,
  "lightModeContrast": 4.3894830855402995,
  "darkModeContrast": 4.7841624152004485,
  "luminosity": 0.18920812076002244,
  "shades": [
    "green"
  ],
  "group": "misc"
}