{
  "name": "web-midnightblue",
  "hsl": {
    "h": 240,
    "s": 63.503649635036496,
    "l": 26.862745098039216
  },
  "hex": "#191970",
  "rgb": {
    "r": 25,
    "g": 25,
    "b": 112
  },
  "rgbChannels": "25 25 112",
  "isLight": false,
  "isDark": true,
  "lightModeContrast": 14.847733029592792,
  "darkModeContrast": 1.4143573270172098,
  "luminosity": 0.020717866350860488,
  "shades": [
    "blue"
  ],
  "group": "misc"
}