{
  "name": "web-dodgerblue",
  "hsl": {
    "h": 209.60000000000002,
    "s": 100,
    "l": 55.88235294117647
  },
  "hex": "#1E90FF",
  "rgb": {
    "r": 30,
    "g": 144,
    "b": 255
  },
  "rgbChannels": "30 144 255",
  "isLight": false,
  "isDark": true,
  "lightModeContrast": 3.2364916476061145,
  "darkModeContrast": 6.488507398291215,
  "luminosity": 0.2744253699145608,
  "shades": [
    "cyan"
  ],
  "group": "misc"
}