{
  "name": "web-lightgray",
  "hsl": {
    "h": 0,
    "s": 0,
    "l": 82.74509803921568
  },
  "hex": "#D3D3D3",
  "rgb": {
    "r": 211,
    "g": 211,
    "b": 211
  },
  "rgbChannels": "211 211 211",
  "isLight": true,
  "isDark": false,
  "lightModeContrast": 1.4969939561114844,
  "darkModeContrast": 14.028112748396483,
  "luminosity": 0.6514056374198242,
  "shades": [
    "gray",
    "red"
  ],
  "group": "misc"
}