{
  "name": "web-darkturquoise",
  "hsl": {
    "h": 180.86124401913878,
    "s": 100,
    "l": 40.98039215686274
  },
  "hex": "#00CED1",
  "rgb": {
    "r": 0,
    "g": 206,
    "b": 209
  },
  "rgbChannels": "0 206 209",
  "isLight": true,
  "isDark": false,
  "lightModeContrast": 1.9536314769802343,
  "darkModeContrast": 10.749212554898072,
  "luminosity": 0.4874606277449036,
  "shades": [
    "cyan"
  ],
  "group": "misc"
}