{
  "name": "web-tan",
  "hsl": {
    "h": 34.28571428571428,
    "s": 43.749999999999986,
    "l": 68.62745098039215
  },
  "hex": "#D2B48C",
  "rgb": {
    "r": 210,
    "g": 180,
    "b": 140
  },
  "rgbChannels": "210 180 140",
  "isLight": true,
  "isDark": false,
  "lightModeContrast": 1.9722901067579826,
  "darkModeContrast": 10.647520832784304,
  "luminosity": 0.4823760416392152,
  "shades": [
    "yellow"
  ],
  "group": "misc"
}