{
  "name": "web-darkorchid",
  "hsl": {
    "h": 280.12987012987014,
    "s": 60.629921259842526,
    "l": 49.80392156862745
  },
  "hex": "#9932CC",
  "rgb": {
    "r": 153,
    "g": 50,
    "b": 204
  },
  "rgbChannels": "153 50 204",
  "isLight": false,
  "isDark": true,
  "lightModeContrast": 5.7024487728866795,
  "darkModeContrast": 3.6826284349713556,
  "luminosity": 0.13413142174856776,
  "shades": [
    "magenta"
  ],
  "group": "misc"
}