{
  "name": "web-mediumpurple",
  "hsl": {
    "h": 259.62616822429914,
    "s": 59.77653631284916,
    "l": 64.90196078431372
  },
  "hex": "#9370DB",
  "rgb": {
    "r": 147,
    "g": 112,
    "b": 219
  },
  "rgbChannels": "147 112 219",
  "isLight": false,
  "isDark": true,
  "lightModeContrast": 3.7626508260437848,
  "darkModeContrast": 5.581171618329601,
  "luminosity": 0.22905858091648007,
  "shades": [
    "blue"
  ],
  "group": "misc"
}