{
  "name": "web-antiquewhite",
  "hsl": {
    "h": 34.28571428571428,
    "s": 77.77777777777779,
    "l": 91.17647058823529
  },
  "hex": "#FAEBD7",
  "rgb": {
    "r": 250,
    "g": 235,
    "b": 215
  },
  "rgbChannels": "250 235 215",
  "isLight": true,
  "isDark": false,
  "lightModeContrast": 1.1712612420140769,
  "darkModeContrast": 17.92939034155081,
  "luminosity": 0.8464695170775406,
  "shades": [
    "yellow"
  ],
  "group": "misc"
}