{
  "name": "web-dimgrey",
  "hsl": {
    "h": 0,
    "s": 0,
    "l": 41.17647058823529
  },
  "hex": "#696969",
  "rgb": {
    "r": 105,
    "g": 105,
    "b": 105
  },
  "rgbChannels": "105 105 105",
  "isLight": false,
  "isDark": true,
  "lightModeContrast": 5.489814557409947,
  "darkModeContrast": 3.8252658228054326,
  "luminosity": 0.14126329114027164,
  "shades": [
    "gray",
    "red"
  ],
  "group": "misc"
}