{
  "name": "web-lightskyblue",
  "hsl": {
    "h": 202.9565217391305,
    "s": 92,
    "l": 75.49019607843137
  },
  "hex": "#87CEFA",
  "rgb": {
    "r": 135,
    "g": 206,
    "b": 250
  },
  "rgbChannels": "135 206 250",
  "isLight": true,
  "isDark": false,
  "lightModeContrast": 1.7158085786256685,
  "darkModeContrast": 12.2391275236662,
  "luminosity": 0.56195637618331,
  "shades": [
    "cyan"
  ],
  "group": "misc"
}