{
  "name": "web-sandybrown",
  "hsl": {
    "h": 27.56756756756755,
    "s": 87.05882352941178,
    "l": 66.66666666666667
  },
  "hex": "#F4A460",
  "rgb": {
    "r": 244,
    "g": 164,
    "b": 96
  },
  "rgbChannels": "244 164 96",
  "isLight": true,
  "isDark": false,
  "lightModeContrast": 2.0337587017306977,
  "darkModeContrast": 10.325708739256687,
  "luminosity": 0.46628543696283437,
  "shades": [
    "red"
  ],
  "group": "misc"
}