{
  "name": "web-cornflowerblue",
  "hsl": {
    "h": 218.54014598540152,
    "s": 79.19075144508672,
    "l": 66.07843137254902
  },
  "hex": "#6495ED",
  "rgb": {
    "r": 100,
    "g": 149,
    "b": 237
  },
  "rgbChannels": "100 149 237",
  "isLight": true,
  "isDark": false,
  "lightModeContrast": 2.972934237315929,
  "darkModeContrast": 7.063728398835874,
  "luminosity": 0.30318641994179374,
  "shades": [
    "blue"
  ],
  "group": "misc"
}