{
  "name": "web-seashell",
  "hsl": {
    "h": 24.705882352941217,
    "s": 100,
    "l": 96.66666666666667
  },
  "hex": "#FFF5EE",
  "rgb": {
    "r": 255,
    "g": 245,
    "b": 238
  },
  "rgbChannels": "255 245 238",
  "isLight": true,
  "isDark": false,
  "lightModeContrast": 1.074302195987292,
  "darkModeContrast": 19.54757244138446,
  "luminosity": 0.9273786220692231,
  "shades": [
    "red"
  ],
  "group": "misc"
}