{
  "name": "web-goldenrod",
  "hsl": {
    "h": 42.90322580645159,
    "s": 74.4,
    "l": 49.01960784313725
  },
  "hex": "#DAA520",
  "rgb": {
    "r": 218,
    "g": 165,
    "b": 32
  },
  "rgbChannels": "218 165 32",
  "isLight": true,
  "isDark": false,
  "lightModeContrast": 2.2378527207782968,
  "darkModeContrast": 9.383995561913684,
  "luminosity": 0.41919977809568426,
  "shades": [
    "orange",
    "yellow"
  ],
  "group": "misc"
}