{
  "name": "web-lavenderblush",
  "hsl": {
    "h": 340,
    "s": 100,
    "l": 97.05882352941177
  },
  "hex": "#FFF0F5",
  "rgb": {
    "r": 255,
    "g": 240,
    "b": 245
  },
  "rgbChannels": "255 240 245",
  "isLight": true,
  "isDark": false,
  "lightModeContrast": 1.1032569880591614,
  "darkModeContrast": 19.034549726209292,
  "luminosity": 0.9017274863104646,
  "shades": [
    "red"
  ],
  "group": "misc"
}