{
  "name": "web-violet",
  "hsl": {
    "h": 300,
    "s": 76.05633802816902,
    "l": 72.15686274509804
  },
  "hex": "#EE82EE",
  "rgb": {
    "r": 238,
    "g": 130,
    "b": 238
  },
  "rgbChannels": "238 130 238",
  "isLight": true,
  "isDark": false,
  "lightModeContrast": 2.3170903760108534,
  "darkModeContrast": 9.063090597335265,
  "luminosity": 0.40315452986676326,
  "shades": [
    "magenta"
  ],
  "group": "misc"
}