{
  "name": "web-lightslategray",
  "hsl": {
    "h": 210,
    "s": 14.285714285714285,
    "l": 53.333333333333336
  },
  "hex": "#778899",
  "rgb": {
    "r": 119,
    "g": 136,
    "b": 153
  },
  "rgbChannels": "119 136 153",
  "isLight": true,
  "isDark": false,
  "lightModeContrast": 3.6420186972034623,
  "darkModeContrast": 5.766033001457386,
  "luminosity": 0.23830165007286933,
  "shades": [
    "cyan"
  ],
  "group": "misc"
}