{
  "name": "web-lightseagreen",
  "hsl": {
    "h": 176.71232876712327,
    "s": 69.52380952380952,
    "l": 41.17647058823529
  },
  "hex": "#20B2AA",
  "rgb": {
    "r": 32,
    "g": 178,
    "b": 170
  },
  "rgbChannels": "32 178 170",
  "isLight": true,
  "isDark": false,
  "lightModeContrast": 2.6217133469341856,
  "darkModeContrast": 8.010029023408398,
  "luminosity": 0.35050145117042,
  "shades": [
    "cyan"
  ],
  "group": "misc"
}