{
  "name": "web-moccasin",
  "hsl": {
    "h": 38.10810810810813,
    "s": 100,
    "l": 85.49019607843138
  },
  "hex": "#FFE4B5",
  "rgb": {
    "r": 255,
    "g": 228,
    "b": 181
  },
  "rgbChannels": "255 228 181",
  "isLight": true,
  "isDark": false,
  "lightModeContrast": 1.2340890515886616,
  "darkModeContrast": 17.016600198313387,
  "luminosity": 0.8008300099156694,
  "shades": [
    "orange",
    "yellow"
  ],
  "group": "misc"
}