{
  "name": "web-yellowgreen",
  "hsl": {
    "h": 79.74193548387098,
    "s": 60.7843137254902,
    "l": 50
  },
  "hex": "#9ACD32",
  "rgb": {
    "r": 154,
    "g": 205,
    "b": 50
  },
  "rgbChannels": "154 205 50",
  "isLight": true,
  "isDark": false,
  "lightModeContrast": 1.8829704387271102,
  "darkModeContrast": 11.15259144174139,
  "luminosity": 0.5076295720870695,
  "shades": [
    "yellow"
  ],
  "group": "misc"
}