{
  "name": "web-linen",
  "hsl": {
    "h": 30,
    "s": 66.66666666666666,
    "l": 94.11764705882352
  },
  "hex": "#FAF0E6",
  "rgb": {
    "r": 250,
    "g": 240,
    "b": 230
  },
  "rgbChannels": "250 240 230",
  "isLight": true,
  "isDark": false,
  "lightModeContrast": 1.1247106964793339,
  "darkModeContrast": 18.671468196875878,
  "luminosity": 0.883573409843794,
  "shades": [],
  "group": "misc"
}