{
  "name": "web-peachpuff",
  "hsl": {
    "h": 28.285714285714278,
    "s": 100,
    "l": 86.27450980392157
  },
  "hex": "#FFDAB9",
  "rgb": {
    "r": 255,
    "g": 218,
    "b": 185
  },
  "rgbChannels": "255 218 185",
  "isLight": true,
  "isDark": false,
  "lightModeContrast": 1.3140507461365878,
  "darkModeContrast": 15.981117975650214,
  "luminosity": 0.7490558987825107,
  "shades": [
    "red"
  ],
  "group": "misc"
}