{
  "name": "web-thistle",
  "hsl": {
    "h": 300,
    "s": 24.271844660194176,
    "l": 79.80392156862746
  },
  "hex": "#D8BFD8",
  "rgb": {
    "r": 216,
    "g": 191,
    "b": 216
  },
  "rgbChannels": "216 191 216",
  "isLight": true,
  "isDark": false,
  "lightModeContrast": 1.6985233869247451,
  "darkModeContrast": 12.36368021874663,
  "luminosity": 0.5681840109373315,
  "shades": [
    "magenta"
  ],
  "group": "misc"
}