{
  "name": "web-skyblue",
  "hsl": {
    "h": 197.39999999999998,
    "s": 71.4285714285714,
    "l": 72.54901960784314
  },
  "hex": "#87CEEB",
  "rgb": {
    "r": 135,
    "g": 206,
    "b": 235
  },
  "rgbChannels": "135 206 235",
  "isLight": true,
  "isDark": false,
  "lightModeContrast": 1.741534155226301,
  "darkModeContrast": 12.05833370363683,
  "luminosity": 0.5529166851818414,
  "shades": [
    "cyan"
  ],
  "group": "misc"
}