{
  "name": "web-ivory",
  "hsl": {
    "h": 60,
    "s": 100,
    "l": 97.05882352941177
  },
  "hex": "#FFFFF0",
  "rgb": {
    "r": 255,
    "g": 255,
    "b": 240
  },
  "rgbChannels": "255 255 240",
  "isLight": true,
  "isDark": false,
  "lightModeContrast": 1.0089239748301795,
  "darkModeContrast": 20.814254120123064,
  "luminosity": 0.9907127060061531,
  "shades": [
    "yellow"
  ],
  "group": "misc"
}