{
  "name": "web-mintcream",
  "hsl": {
    "h": 149.9999999999999,
    "s": 100,
    "l": 98.03921568627452
  },
  "hex": "#F5FFFA",
  "rgb": {
    "r": 245,
    "g": 255,
    "b": 250
  },
  "rgbChannels": "245 255 250",
  "isLight": true,
  "isDark": false,
  "lightModeContrast": 1.0210570658925147,
  "darkModeContrast": 20.566920989517588,
  "luminosity": 0.9783460494758793,
  "shades": [
    "green"
  ],
  "group": "misc"
}