{
  "name": "web-darkslateblue",
  "hsl": {
    "h": 248.46153846153845,
    "s": 38.99999999999999,
    "l": 39.21568627450981
  },
  "hex": "#483D8B",
  "rgb": {
    "r": 72,
    "g": 61,
    "b": 139
  },
  "rgbChannels": "72 61 139",
  "isLight": false,
  "isDark": true,
  "lightModeContrast": 9.067917701345962,
  "darkModeContrast": 2.3158569245597524,
  "luminosity": 0.06579284622798763,
  "shades": [
    "blue"
  ],
  "group": "misc"
}