{
  "name": "web-lightgreen",
  "hsl": {
    "h": 120,
    "s": 73.4375,
    "l": 74.90196078431373
  },
  "hex": "#90EE90",
  "rgb": {
    "r": 144,
    "g": 238,
    "b": 144
  },
  "rgbChannels": "144 238 144",
  "isLight": true,
  "isDark": false,
  "lightModeContrast": 1.4171574313593647,
  "darkModeContrast": 14.818395991372952,
  "luminosity": 0.6909197995686476,
  "shades": [
    "green"
  ],
  "group": "misc"
}