{
  "name": "web-blancedalmond",
  "hsl": {
    "h": 36,
    "s": 100,
    "l": 90.19607843137256
  },
  "hex": "#FFEBCD",
  "rgb": {
    "r": 255,
    "g": 235,
    "b": 205
  },
  "rgbChannels": "255 235 205",
  "isLight": true,
  "isDark": false,
  "lightModeContrast": 1.1655731051524851,
  "darkModeContrast": 18.016887921631216,
  "luminosity": 0.8508443960815608,
  "shades": [
    "yellow"
  ],
  "group": "misc"
}