{
  "name": "web-lightcoral",
  "hsl": {
    "h": 0,
    "s": 78.87323943661971,
    "l": 72.15686274509804
  },
  "hex": "#F08080",
  "rgb": {
    "r": 240,
    "g": 128,
    "b": 128
  },
  "rgbChannels": "240 128 128",
  "isLight": true,
  "isDark": false,
  "lightModeContrast": 2.5911773150150488,
  "darkModeContrast": 8.10442414662697,
  "luminosity": 0.35522120733134854,
  "shades": [
    "red"
  ],
  "group": "misc"
}