{
  "name": "web-rebeccapurple",
  "hsl": {
    "h": 270,
    "s": 49.99999999999999,
    "l": 40
  },
  "hex": "#663399",
  "rgb": {
    "r": 102,
    "g": 51,
    "b": 153
  },
  "rgbChannels": "102 51 153",
  "isLight": false,
  "isDark": true,
  "lightModeContrast": 8.405149896230322,
  "darkModeContrast": 2.4984682318894067,
  "luminosity": 0.07492341159447033,
  "shades": [
    "violet",
    "blue"
  ],
  "group": "misc"
}