{
  "name": "web-gold",
  "hsl": {
    "h": 50.588235294117624,
    "s": 100,
    "l": 50
  },
  "hex": "#FFD700",
  "rgb": {
    "r": 255,
    "g": 215,
    "b": 0
  },
  "rgbChannels": "255 215 0",
  "isLight": true,
  "isDark": false,
  "lightModeContrast": 1.4026017808936917,
  "darkModeContrast": 14.972175485631775,
  "luminosity": 0.6986087742815887,
  "shades": [
    "yellow"
  ],
  "group": "misc"
}