{
  "name": "web-mediumaquamarine",
  "hsl": {
    "h": 159.61165048543694,
    "s": 50.73891625615764,
    "l": 60.196078431372555
  },
  "hex": "#66CDAA",
  "rgb": {
    "r": 102,
    "g": 205,
    "b": 170
  },
  "rgbChannels": "102 205 170",
  "isLight": true,
  "isDark": false,
  "lightModeContrast": 1.9305124611545423,
  "darkModeContrast": 10.87794066216022,
  "luminosity": 0.4938970331080111,
  "shades": [
    "cyan"
  ],
  "group": "misc"
}