{
  "name": "web-cadetblue",
  "hsl": {
    "h": 181.8461538461538,
    "s": 25.49019607843137,
    "l": 50
  },
  "hex": "#5F9EA0",
  "rgb": {
    "r": 95,
    "g": 158,
    "b": 160
  },
  "rgbChannels": "95 158 160",
  "isLight": true,
  "isDark": false,
  "lightModeContrast": 3.0501371890548814,
  "darkModeContrast": 6.884936217084412,
  "luminosity": 0.29424681085422066,
  "shades": [
    "cyan"
  ],
  "group": "misc"
}