{
  "name": "web-lightgoldenrodyellow",
  "hsl": {
    "h": 60,
    "s": 80.00000000000001,
    "l": 90.19607843137254
  },
  "hex": "#FAFAD2",
  "rgb": {
    "r": 250,
    "g": 250,
    "b": 210
  },
  "rgbChannels": "250 250 210",
  "isLight": true,
  "isDark": false,
  "lightModeContrast": 1.067633558802284,
  "darkModeContrast": 19.669670203659273,
  "luminosity": 0.9334835101829637,
  "shades": [
    "yellow"
  ],
  "group": "misc"
}