{
  "name": "web-mediumspringgreen",
  "hsl": {
    "h": 156.96000000000004,
    "s": 100,
    "l": 49.01960784313725
  },
  "hex": "#00FA9A",
  "rgb": {
    "r": 0,
    "g": 250,
    "b": 154
  },
  "rgbChannels": "0 250 154",
  "isLight": true,
  "isDark": false,
  "lightModeContrast": 1.3869752264385136,
  "darkModeContrast": 15.14086163883689,
  "luminosity": 0.7070430819418445,
  "shades": [
    "cyan"
  ],
  "group": "misc"
}