{
  "name": "web-lightcyan",
  "hsl": {
    "h": 180,
    "s": 100,
    "l": 93.92156862745098
  },
  "hex": "#E0FFFF",
  "rgb": {
    "r": 224,
    "g": 255,
    "b": 255
  },
  "rgbChannels": "224 255 255",
  "isLight": true,
  "isDark": false,
  "lightModeContrast": 1.0543513767190835,
  "darkModeContrast": 19.917458698965728,
  "luminosity": 0.9458729349482864,
  "shades": [
    "cyan"
  ],
  "group": "misc"
}