{
  "name": "web-aquamarine",
  "hsl": {
    "h": 159.84375,
    "s": 100,
    "l": 74.90196078431373
  },
  "hex": "#7FFFD4",
  "rgb": {
    "r": 127,
    "g": 255,
    "b": 212
  },
  "rgbChannels": "127 255 212",
  "isLight": true,
  "isDark": false,
  "lightModeContrast": 1.2239831870165616,
  "darkModeContrast": 17.157098416676085,
  "luminosity": 0.8078549208338043,
  "shades": [
    "cyan"
  ],
  "group": "misc"
}