{
  "name": "web-springgreen",
  "hsl": {
    "h": 149.88235294117646,
    "s": 100,
    "l": 50
  },
  "hex": "#00FF7F",
  "rgb": {
    "r": 0,
    "g": 255,
    "b": 127
  },
  "rgbChannels": "0 255 127",
  "isLight": true,
  "isDark": false,
  "lightModeContrast": 1.3452517329572633,
  "darkModeContrast": 15.610461213705895,
  "luminosity": 0.7305230606852947,
  "shades": [
    "green"
  ],
  "group": "misc"
}