{
  "name": "web-beige",
  "hsl": {
    "h": 60,
    "s": 55.5555555555556,
    "l": 91.1764705882353
  },
  "hex": "#F5F5DC",
  "rgb": {
    "r": 245,
    "g": 245,
    "b": 220
  },
  "rgbChannels": "245 245 220",
  "isLight": true,
  "isDark": false,
  "lightModeContrast": 1.1066073948178137,
  "darkModeContrast": 18.976919997410043,
  "luminosity": 0.8988459998705022,
  "shades": [
    "yellow"
  ],
  "group": "misc"
}