{
  "name": "web-ghostwhite",
  "hsl": {
    "h": 240,
    "s": 100,
    "l": 98.62745098039215
  },
  "hex": "#F8F8FF",
  "rgb": {
    "r": 248,
    "g": 248,
    "b": 255
  },
  "rgbChannels": "248 248 255",
  "isLight": true,
  "isDark": false,
  "lightModeContrast": 1.0572819034379886,
  "darkModeContrast": 19.86225237726457,
  "luminosity": 0.9431126188632285,
  "shades": [
    "blue"
  ],
  "group": "misc"
}