{
  "name": "web-lavender",
  "hsl": {
    "h": 240,
    "s": 66.66666666666666,
    "l": 94.11764705882352
  },
  "hex": "#E6E6FA",
  "rgb": {
    "r": 230,
    "g": 230,
    "b": 250
  },
  "rgbChannels": "230 230 250",
  "isLight": true,
  "isDark": false,
  "lightModeContrast": 1.2306790637086154,
  "darkModeContrast": 17.063750102904258,
  "luminosity": 0.8031875051452129,
  "shades": [
    "blue"
  ],
  "group": "misc"
}