{
  "name": "x11-purple",
  "hsl": {
    "h": 276.9230769230769,
    "s": 87.39495798319328,
    "l": 53.333333333333336
  },
  "hex": "#A020F0",
  "rgb": {
    "r": 160,
    "g": 32,
    "b": 240
  },
  "rgbChannels": "160 32 240",
  "isLight": false,
  "isDark": true,
  "lightModeContrast": 5.303598870261308,
  "darkModeContrast": 3.9595754719974385,
  "luminosity": 0.14797877359987194,
  "shades": [
    "purple",
    "magenta"
  ],
  "group": "misc"
}