{
  "name": "xona-lighthotpink",
  "hsl": {
    "h": 326.0526315789473,
    "s": 100,
    "l": 85.09803921568627
  },
  "hex": "#FFB3DE",
  "rgb": {
    "r": 255,
    "g": 179,
    "b": 222
  },
  "rgbChannels": "255 179 222",
  "isLight": true,
  "isDark": false,
  "lightModeContrast": 1.6464357416858282,
  "darkModeContrast": 12.754825146408422,
  "luminosity": 0.587741257320421,
  "shades": [
    "magenta"
  ],
  "group": "misc"
}