{
  "name": "xona-pinklace",
  "hsl": {
    "h": 319.4117647058823,
    "s": 100,
    "l": 93.33333333333333
  },
  "hex": "#FFDDF4",
  "rgb": {
    "r": 255,
    "g": 221,
    "b": 244
  },
  "rgbChannels": "255 221 244",
  "isLight": true,
  "isDark": false,
  "lightModeContrast": 1.2425365489077842,
  "darkModeContrast": 16.90091129992067,
  "luminosity": 0.7950455649960334,
  "shades": [
    "magenta"
  ],
  "group": "misc"
}