{
  "name": "xona-keppel",
  "hsl": {
    "h": 170.84745762711862,
    "s": 50.42735042735044,
    "l": 45.88235294117647
  },
  "hex": "#3AB09E",
  "rgb": {
    "r": 58,
    "g": 176,
    "b": 158
  },
  "rgbChannels": "58 176 158",
  "isLight": true,
  "isDark": false,
  "lightModeContrast": 2.6637015324252604,
  "darkModeContrast": 7.883766159371397,
  "luminosity": 0.34418830796856986,
  "shades": [
    "cyan"
  ],
  "group": "misc"
}