{
  "name": "xona-burntumber",
  "hsl": {
    "h": 8.823529411764696,
    "s": 58.620689655172406,
    "l": 34.11764705882353
  },
  "hex": "#8A3324",
  "rgb": {
    "r": 138,
    "g": 51,
    "b": 36
  },
  "rgbChannels": "138 51 36",
  "isLight": false,
  "isDark": true,
  "lightModeContrast": 8.1406068299751,
  "darkModeContrast": 2.579660268405842,
  "luminosity": 0.0789830134202921,
  "shades": [
    "red"
  ],
  "group": "misc"
}