{
  "name": "xona-eminence",
  "hsl": {
    "h": 283.9024390243902,
    "s": 46.067415730337075,
    "l": 34.90196078431372
  },
  "hex": "#6C3082",
  "rgb": {
    "r": 108,
    "g": 48,
    "b": 130
  },
  "rgbChannels": "108 48 130",
  "isLight": false,
  "isDark": true,
  "lightModeContrast": 8.813341646379838,
  "darkModeContrast": 2.382751156438596,
  "luminosity": 0.06913755782192982,
  "shades": [
    "magenta"
  ],
  "group": "misc"
}