{
  "name": "xona-solidpink",
  "hsl": {
    "h": 351.85185185185185,
    "s": 41.968911917098445,
    "l": 37.84313725490196
  },
  "hex": "#893843",
  "rgb": {
    "r": 137,
    "g": 56,
    "b": 67
  },
  "rgbChannels": "137 56 67",
  "isLight": false,
  "isDark": true,
  "lightModeContrast": 7.74795699409497,
  "darkModeContrast": 2.710391915701771,
  "luminosity": 0.08551959578508855,
  "shades": [
    "red",
    "pink"
  ],
  "group": "misc"
}